,ID,Name,Date,Time,Event,Status,Latitude,Longitude,Maximum Wind,Minimum Pressure,Low Wind NE,Low Wind SE,Low Wind SW,Low Wind NW,Moderate Wind NE,Moderate Wind SE,Moderate Wind SW,Moderate Wind NW,High Wind NE,High Wind SE,High Wind SW,High Wind NW
41257,AL042000,            UNNAMED,20000808,1200,  , TD,28.2,74.2,30,1011,-999,-999,-999,-999,-999,-999,-999,-999,-999,-999,-999,-999
41258,AL042000,            UNNAMED,20000808,1800,  , TD,28.1,75.1,30,1010,-999,-999,-999,-999,-999,-999,-999,-999,-999,-999,-999,-999
41259,AL042000,            UNNAMED,20000809,0,  , TD,28.0,76.0,30,1010,-999,-999,-999,-999,-999,-999,-999,-999,-999,-999,-999,-999
41260,AL042000,            UNNAMED,20000809,600,  , TD,27.9,76.8,30,1010,-999,-999,-999,-999,-999,-999,-999,-999,-999,-999,-999,-999
41261,AL042000,            UNNAMED,20000809,1200,  , TD,27.9,77.4,30,1010,-999,-999,-999,-999,-999,-999,-999,-999,-999,-999,-999,-999
41262,AL042000,            UNNAMED,20000809,1800,  , TD,27.9,77.9,30,1010,-999,-999,-999,-999,-999,-999,-999,-999,-999,-999,-999,-999
41263,AL042000,            UNNAMED,20000810,0,  , TD,28.0,78.6,30,1009,-999,-999,-999,-999,-999,-999,-999,-999,-999,-999,-999,-999
41264,AL042000,            UNNAMED,20000810,600,  , TD,28.3,79.3,30,1010,-999,-999,-999,-999,-999,-999,-999,-999,-999,-999,-999,-999
41265,AL042000,            UNNAMED,20000810,1200,  , TD,28.7,78.9,30,1010,-999,-999,-999,-999,-999,-999,-999,-999,-999,-999,-999,-999
41266,AL042000,            UNNAMED,20000810,1800,  , TD,28.9,78.3,25,1011,-999,-999,-999,-999,-999,-999,-999,-999,-999,-999,-999,-999
41267,AL042000,            UNNAMED,20000811,0,  , TD,29.2,77.8,25,1011,-999,-999,-999,-999,-999,-999,-999,-999,-999,-999,-999,-999
41268,AL042000,            UNNAMED,20000811,600,  , TD,29.4,77.2,25,1012,-999,-999,-999,-999,-999,-999,-999,-999,-999,-999,-999,-999
41269,AL042000,            UNNAMED,20000811,1200,  , TD,29.6,76.5,25,1013,-999,-999,-999,-999,-999,-999,-999,-999,-999,-999,-999,-999
41327,AL102000,           FLORENCE,20000910,1800,  , SD,30.9,70.9,30,1007,-999,-999,-999,-999,-999,-999,-999,-999,-999,-999,-999,-999
41328,AL102000,           FLORENCE,20000911,0,  , SD,30.8,71.3,30,1007,-999,-999,-999,-999,-999,-999,-999,-999,-999,-999,-999,-999
41329,AL102000,           FLORENCE,20000911,600,  , TD,30.7,71.8,30,1006,-999,-999,-999,-999,-999,-999,-999,-999,-999,-999,-999,-999
41330,AL102000,           FLORENCE,20000911,1200,  , TS,30.4,72.2,45,1002,-999,-999,-999,-999,-999,-999,-999,-999,-999,-999,-999,-999
41331,AL102000,           FLORENCE,20000911,1800,  , HU,30.1,72.6,65,998,-999,-999,-999,-999,-999,-999,-999,-999,-999,-999,-999,-999
41332,AL102000,           FLORENCE,20000912,0,  , HU,30.1,72.7,65,992,-999,-999,-999,-999,-999,-999,-999,-999,-999,-999,-999,-999
41333,AL102000,           FLORENCE,20000912,600,  , TS,30.2,72.8,60,993,-999,-999,-999,-999,-999,-999,-999,-999,-999,-999,-999,-999
41334,AL102000,           FLORENCE,20000912,1200,  , TS,30.3,73.1,60,991,-999,-999,-999,-999,-999,-999,-999,-999,-999,-999,-999,-999
41335,AL102000,           FLORENCE,20000912,1800,  , HU,30.6,73.3,65,987,-999,-999,-999,-999,-999,-999,-999,-999,-999,-999,-999,-999
41336,AL102000,           FLORENCE,20000913,0,  , HU,30.8,73.7,65,986,-999,-999,-999,-999,-999,-999,-999,-999,-999,-999,-999,-999
41337,AL102000,           FLORENCE,20000913,600,  , HU,30.7,74.0,65,986,-999,-999,-999,-999,-999,-999,-999,-999,-999,-999,-999,-999
41338,AL102000,           FLORENCE,20000913,1200,  , TS,30.7,73.8,60,987,-999,-999,-999,-999,-999,-999,-999,-999,-999,-999,-999,-999
41339,AL102000,           FLORENCE,20000913,1800,  , TS,30.5,73.7,55,989,-999,-999,-999,-999,-999,-999,-999,-999,-999,-999,-999,-999
41340,AL102000,           FLORENCE,20000914,0,  , TS,30.2,73.6,50,991,-999,-999,-999,-999,-999,-999,-999,-999,-999,-999,-999,-999
41341,AL102000,           FLORENCE,20000914,600,  , TS,29.6,73.6,45,993,-999,-999,-999,-999,-999,-999,-999,-999,-999,-999,-999,-999
41342,AL102000,           FLORENCE,20000914,1200,  , TS,29.5,73.4,45,994,-999,-999,-999,-999,-999,-999,-999,-999,-999,-999,-999,-999
41343,AL102000,           FLORENCE,20000914,1800,  , TS,29.3,73.1,45,995,-999,-999,-999,-999,-999,-999,-999,-999,-999,-999,-999,-999
41344,AL102000,           FLORENCE,20000915,0,  , TS,29.2,72.8,45,995,-999,-999,-999,-999,-999,-999,-999,-999,-999,-999,-999,-999
41345,AL102000,           FLORENCE,20000915,600,  , TS,29.1,72.4,45,996,-999,-999,-999,-999,-999,-999,-999,-999,-999,-999,-999,-999
41346,AL102000,           FLORENCE,20000915,1200,  , TS,29.8,71.2,50,997,-999,-999,-999,-999,-999,-999,-999,-999,-999,-999,-999,-999
41363,AL112000,             GORDON,20000916,600,  , TS,22.9,86.6,50,997,-999,-999,-999,-999,-999,-999,-999,-999,-999,-999,-999,-999
41364,AL112000,             GORDON,20000916,1200,  , TS,23.5,86.3,55,992,-999,-999,-999,-999,-999,-999,-999,-999,-999,-999,-999,-999
41365,AL112000,             GORDON,20000916,1800,  , TS,24.3,85.9,60,983,-999,-999,-999,-999,-999,-999,-999,-999,-999,-999,-999,-999
41366,AL112000,             GORDON,20000917,0,  , HU,25.2,85.4,65,985,-999,-999,-999,-999,-999,-999,-999,-999,-999,-999,-999,-999
41367,AL112000,             GORDON,20000917,600,  , HU,26.1,84.9,70,981,-999,-999,-999,-999,-999,-999,-999,-999,-999,-999,-999,-999
41368,AL112000,             GORDON,20000917,1200,  , HU,27.1,84.3,65,987,-999,-999,-999,-999,-999,-999,-999,-999,-999,-999,-999,-999
41369,AL112000,             GORDON,20000917,1800,  , HU,28.0,83.8,65,985,-999,-999,-999,-999,-999,-999,-999,-999,-999,-999,-999,-999
41370,AL112000,             GORDON,20000918,0,  , TS,28.9,83.4,60,989,-999,-999,-999,-999,-999,-999,-999,-999,-999,-999,-999,-999
41371,AL112000,             GORDON,20000918,300, L, TS,29.3,83.2,55,991,-999,-999,-999,-999,-999,-999,-999,-999,-999,-999,-999,-999
41372,AL112000,             GORDON,20000918,600,  , TS,29.8,83.0,40,1000,-999,-999,-999,-999,-999,-999,-999,-999,-999,-999,-999,-999
41373,AL112000,             GORDON,20000918,1200,  , TD,31.0,82.3,30,1006,-999,-999,-999,-999,-999,-999,-999,-999,-999,-999,-999,-999
41406,AL122000,             HELENE,20000920,1800,  , TD,23.0,85.4,25,1010,-999,-999,-999,-999,-999,-999,-999,-999,-999,-999,-999,-999
41407,AL122000,             HELENE,20000921,0,  , TD,23.9,86.1,25,1008,-999,-999,-999,-999,-999,-999,-999,-999,-999,-999,-999,-999
41408,AL122000,             HELENE,20000921,600,  , TS,24.9,86.6,35,1007,-999,-999,-999,-999,-999,-999,-999,-999,-999,-999,-999,-999
41409,AL122000,             HELENE,20000921,1200,  , TS,26.1,87.0,45,1006,-999,-999,-999,-999,-999,-999,-999,-999,-999,-999,-999,-999
41410,AL122000,             HELENE,20000921,1800,  , TS,27.1,87.1,60,999,-999,-999,-999,-999,-999,-999,-999,-999,-999,-999,-999,-999
41411,AL122000,             HELENE,20000922,0,  , TS,28.4,87.2,60,996,-999,-999,-999,-999,-999,-999,-999,-999,-999,-999,-999,-999
41412,AL122000,             HELENE,20000922,600,  , TS,29.5,87.2,50,1001,-999,-999,-999,-999,-999,-999,-999,-999,-999,-999,-999,-999
41413,AL122000,             HELENE,20000922,1200, L, TS,30.5,86.6,35,1006,-999,-999,-999,-999,-999,-999,-999,-999,-999,-999,-999,-999
41542,AL162000,             LESLIE,20001004,1200,  , SD,29.0,81.4,30,1012,-999,-999,-999,-999,-999,-999,-999,-999,-999,-999,-999,-999
41543,AL162000,             LESLIE,20001004,1800,  , SD,29.5,80.8,30,1012,-999,-999,-999,-999,-999,-999,-999,-999,-999,-999,-999,-999
41544,AL162000,             LESLIE,20001005,0,  , SD,29.7,79.9,30,1010,-999,-999,-999,-999,-999,-999,-999,-999,-999,-999,-999,-999
41545,AL162000,             LESLIE,20001005,600,  , SD,29.8,78.6,30,1010,-999,-999,-999,-999,-999,-999,-999,-999,-999,-999,-999,-999
41546,AL162000,             LESLIE,20001005,1200,  , TS,29.9,77.3,35,1009,-999,-999,-999,-999,-999,-999,-999,-999,-999,-999,-999,-999
41547,AL162000,             LESLIE,20001005,1800,  , TS,30.2,75.9,35,1009,-999,-999,-999,-999,-999,-999,-999,-999,-999,-999,-999,-999
41548,AL162000,             LESLIE,20001006,0,  , TS,30.3,74.3,35,1010,-999,-999,-999,-999,-999,-999,-999,-999,-999,-999,-999,-999
41549,AL162000,             LESLIE,20001006,600,  , TS,30.6,73.1,40,1006,-999,-999,-999,-999,-999,-999,-999,-999,-999,-999,-999,-999
41550,AL162000,             LESLIE,20001006,1200,  , TS,30.9,72.4,40,1007,-999,-999,-999,-999,-999,-999,-999,-999,-999,-999,-999,-999
41551,AL162000,             LESLIE,20001006,1800,  , TS,31.3,71.8,40,1007,-999,-999,-999,-999,-999,-999,-999,-999,-999,-999,-999,-999
41568,AL172000,            MICHAEL,20001015,1200,  , SD,30.0,71.2,30,1007,-999,-999,-999,-999,-999,-999,-999,-999,-999,-999,-999,-999
41569,AL172000,            MICHAEL,20001015,1800,  , SD,30.0,71.5,30,1006,-999,-999,-999,-999,-999,-999,-999,-999,-999,-999,-999,-999
41570,AL172000,            MICHAEL,20001016,0,  , SS,29.9,71.8,35,1005,-999,-999,-999,-999,-999,-999,-999,-999,-999,-999,-999,-999
41571,AL172000,            MICHAEL,20001016,600,  , SS,29.9,71.9,35,1005,-999,-999,-999,-999,-999,-999,-999,-999,-999,-999,-999,-999
41572,AL172000,            MICHAEL,20001016,1200,  , SS,29.7,71.7,35,1005,-999,-999,-999,-999,-999,-999,-999,-999,-999,-999,-999,-999
41573,AL172000,            MICHAEL,20001016,1800,  , SS,29.8,71.4,35,1004,-999,-999,-999,-999,-999,-999,-999,-999,-999,-999,-999,-999
41574,AL172000,            MICHAEL,20001017,0,  , TS,29.9,71.1,35,1003,-999,-999,-999,-999,-999,-999,-999,-999,-999,-999,-999,-999
41575,AL172000,            MICHAEL,20001017,600,  , TS,29.8,71.0,45,1000,-999,-999,-999,-999,-999,-999,-999,-999,-999,-999,-999,-999
41576,AL172000,            MICHAEL,20001017,1200,  , TS,29.8,70.9,55,995,-999,-999,-999,-999,-999,-999,-999,-999,-999,-999,-999,-999
41577,AL172000,            MICHAEL,20001017,1800,  , HU,30.1,70.9,65,988,-999,-999,-999,-999,-999,-999,-999,-999,-999,-999,-999,-999
41578,AL172000,            MICHAEL,20001018,0,  , HU,30.4,70.9,65,988,-999,-999,-999,-999,-999,-999,-999,-999,-999,-999,-999,-999
41579,AL172000,            MICHAEL,20001018,600,  , HU,30.8,70.8,65,986,-999,-999,-999,-999,-999,-999,-999,-999,-999,-999,-999,-999
41605,AL192000,            UNNAMED,20001025,1200,  , EX,23.5,70.9,35,1006,-999,-999,-999,-999,-999,-999,-999,-999,-999,-999,-999,-999
41606,AL192000,            UNNAMED,20001025,1800,  , SS,24.5,71.7,35,1005,-999,-999,-999,-999,-999,-999,-999,-999,-999,-999,-999,-999
41607,AL192000,            UNNAMED,20001026,0,  , SS,25.7,71.7,35,1004,-999,-999,-999,-999,-999,-999,-999,-999,-999,-999,-999,-999
41608,AL192000,            UNNAMED,20001026,600,  , SS,26.6,71.7,35,1003,-999,-999,-999,-999,-999,-999,-999,-999,-999,-999,-999,-999
41609,AL192000,            UNNAMED,20001026,1200,  , SS,27.4,71.8,40,1002,-999,-999,-999,-999,-999,-999,-999,-999,-999,-999,-999,-999
41610,AL192000,            UNNAMED,20001026,1800,  , SS,28.3,72.1,45,1000,-999,-999,-999,-999,-999,-999,-999,-999,-999,-999,-999,-999
41611,AL192000,            UNNAMED,20001027,0,  , SS,29.2,72.5,50,997,-999,-999,-999,-999,-999,-999,-999,-999,-999,-999,-999,-999
41612,AL192000,            UNNAMED,20001027,600,  , SS,30.0,72.6,50,997,-999,-999,-999,-999,-999,-999,-999,-999,-999,-999,-999,-999
41613,AL192000,            UNNAMED,20001027,1200,  , SS,30.9,72.5,50,997,-999,-999,-999,-999,-999,-999,-999,-999,-999,-999,-999,-999
41646,AL012001,            ALLISON,20010611,0,  , SD,29.1,92.3,30,1005,-999,-999,-999,-999,-999,-999,-999,-999,-999,-999,-999,-999
41647,AL012001,            ALLISON,20010611,200, L, SD,29.6,91.6,30,1004,-999,-999,-999,-999,-999,-999,-999,-999,-999,-999,-999,-999
41648,AL012001,            ALLISON,20010611,600,  , SS,30.0,90.5,35,1003,-999,-999,-999,-999,-999,-999,-999,-999,-999,-999,-999,-999
41649,AL012001,            ALLISON,20010611,1200,  , SS,30.7,89.4,40,1000,-999,-999,-999,-999,-999,-999,-999,-999,-999,-999,-999,-999
41650,AL012001,            ALLISON,20010611,1800,  , SS,31.0,88.4,35,1002,-999,-999,-999,-999,-999,-999,-999,-999,-999,-999,-999,-999
41651,AL012001,            ALLISON,20010612,0,  , SD,31.3,87.4,25,1004,-999,-999,-999,-999,-999,-999,-999,-999,-999,-999,-999,-999
41685,AL032001,              BARRY,20010802,1200,  , TD,25.7,84.8,30,1011,-999,-999,-999,-999,-999,-999,-999,-999,-999,-999,-999,-999
41686,AL032001,              BARRY,20010802,1800,  , TS,26.2,84.9,45,1010,-999,-999,-999,-999,-999,-999,-999,-999,-999,-999,-999,-999
41687,AL032001,              BARRY,20010803,0,  , TS,26.4,85.6,40,1007,-999,-999,-999,-999,-999,-999,-999,-999,-999,-999,-999,-999
41688,AL032001,              BARRY,20010803,600,  , TS,26.6,86.3,35,1008,-999,-999,-999,-999,-999,-999,-999,-999,-999,-999,-999,-999
41689,AL032001,              BARRY,20010803,1200,  , TS,26.9,87.0,35,1007,-999,-999,-999,-999,-999,-999,-999,-999,-999,-999,-999,-999
41690,AL032001,              BARRY,20010803,1800,  , TS,26.8,87.2,35,1007,-999,-999,-999,-999,-999,-999,-999,-999,-999,-999,-999,-999
41691,AL032001,              BARRY,20010804,0,  , TD,26.7,87.5,30,1005,-999,-999,-999,-999,-999,-999,-999,-999,-999,-999,-999,-999
41692,AL032001,              BARRY,20010804,600,  , TD,26.6,87.8,30,1005,-999,-999,-999,-999,-999,-999,-999,-999,-999,-999,-999,-999
41693,AL032001,              BARRY,20010804,1200,  , TD,26.9,87.7,30,1006,-999,-999,-999,-999,-999,-999,-999,-999,-999,-999,-999,-999
41694,AL032001,              BARRY,20010804,1800,  , TS,27.1,87.5,35,1005,-999,-999,-999,-999,-999,-999,-999,-999,-999,-999,-999,-999
41695,AL032001,              BARRY,20010805,0,  , TS,27.3,87.3,35,1003,-999,-999,-999,-999,-999,-999,-999,-999,-999,-999,-999,-999
41696,AL032001,              BARRY,20010805,600,  , TS,27.5,86.7,40,1004,-999,-999,-999,-999,-999,-999,-999,-999,-999,-999,-999,-999
41697,AL032001,              BARRY,20010805,1200,  , TS,28.1,86.4,50,990,-999,-999,-999,-999,-999,-999,-999,-999,-999,-999,-999,-999
41698,AL032001,              BARRY,20010805,1800,  , TS,28.6,86.4,60,991,-999,-999,-999,-999,-999,-999,-999,-999,-999,-999,-999,-999
41699,AL032001,              BARRY,20010806,0,  , TS,29.5,86.3,60,992,-999,-999,-999,-999,-999,-999,-999,-999,-999,-999,-999,-999
41700,AL032001,              BARRY,20010806,500, L, TS,30.4,86.3,60,990,-999,-999,-999,-999,-999,-999,-999,-999,-999,-999,-999,-999
41701,AL032001,              BARRY,20010806,600,  , TS,30.6,86.4,60,991,-999,-999,-999,-999,-999,-999,-999,-999,-999,-999,-999,-999
41748,AL052001,               DEAN,20010823,1800,  , WV,23.0,70.2,25,1012,-999,-999,-999,-999,-999,-999,-999,-999,-999,-999,-999,-999
41749,AL052001,               DEAN,20010824,0,  , LO,24.6,70.8,25,1013,-999,-999,-999,-999,-999,-999,-999,-999,-999,-999,-999,-999
41750,AL052001,               DEAN,20010824,600,  , LO,26.6,70.7,25,1013,-999,-999,-999,-999,-999,-999,-999,-999,-999,-999,-999,-999
41751,AL052001,               DEAN,20010824,1200,  , LO,28.6,70.7,25,1012,-999,-999,-999,-999,-999,-999,-999,-999,-999,-999,-999,-999
41752,AL052001,               DEAN,20010824,1800,  , LO,30.3,70.2,25,1012,-999,-999,-999,-999,-999,-999,-999,-999,-999,-999,-999,-999
41880,AL082001,          GABRIELLE,20010911,1800,  , TD,25.8,84.1,25,1010,-999,-999,-999,-999,-999,-999,-999,-999,-999,-999,-999,-999
41881,AL082001,          GABRIELLE,20010912,0,  , TD,25.7,84.6,25,1009,-999,-999,-999,-999,-999,-999,-999,-999,-999,-999,-999,-999
41882,AL082001,          GABRIELLE,20010912,600,  , TD,25.7,85.0,25,1008,-999,-999,-999,-999,-999,-999,-999,-999,-999,-999,-999,-999
41883,AL082001,          GABRIELLE,20010912,1200,  , TD,25.6,85.3,25,1008,-999,-999,-999,-999,-999,-999,-999,-999,-999,-999,-999,-999
41884,AL082001,          GABRIELLE,20010912,1800,  , TD,25.4,85.4,30,1007,-999,-999,-999,-999,-999,-999,-999,-999,-999,-999,-999,-999
41885,AL082001,          GABRIELLE,20010913,0,  , TD,25.1,85.7,30,1005,-999,-999,-999,-999,-999,-999,-999,-999,-999,-999,-999,-999
41886,AL082001,          GABRIELLE,20010913,600,  , TD,25.2,85.3,30,1005,-999,-999,-999,-999,-999,-999,-999,-999,-999,-999,-999,-999
41887,AL082001,          GABRIELLE,20010913,1200,  , TS,25.3,84.9,35,1003,-999,-999,-999,-999,-999,-999,-999,-999,-999,-999,-999,-999
41888,AL082001,          GABRIELLE,20010913,1800,  , TS,25.4,84.5,40,998,-999,-999,-999,-999,-999,-999,-999,-999,-999,-999,-999,-999
41889,AL082001,          GABRIELLE,20010914,0,  , TS,25.4,84.1,45,997,-999,-999,-999,-999,-999,-999,-999,-999,-999,-999,-999,-999
41890,AL082001,          GABRIELLE,20010914,600,  , TS,25.8,83.6,50,992,-999,-999,-999,-999,-999,-999,-999,-999,-999,-999,-999,-999
41891,AL082001,          GABRIELLE,20010914,1200, L, TS,27.1,82.6,60,983,-999,-999,-999,-999,-999,-999,-999,-999,-999,-999,-999,-999
41892,AL082001,          GABRIELLE,20010914,1800,  , TS,28.0,81.8,45,994,-999,-999,-999,-999,-999,-999,-999,-999,-999,-999,-999,-999
41893,AL082001,          GABRIELLE,20010915,0,  , TS,28.6,81.4,40,995,-999,-999,-999,-999,-999,-999,-999,-999,-999,-999,-999,-999
41894,AL082001,          GABRIELLE,20010915,600,  , TS,28.6,80.9,40,995,-999,-999,-999,-999,-999,-999,-999,-999,-999,-999,-999,-999
41895,AL082001,          GABRIELLE,20010915,1200,  , TS,28.9,80.1,40,998,-999,-999,-999,-999,-999,-999,-999,-999,-999,-999,-999,-999
41896,AL082001,          GABRIELLE,20010915,1800,  , TS,29.8,79.0,45,999,-999,-999,-999,-999,-999,-999,-999,-999,-999,-999,-999,-999
41897,AL082001,          GABRIELLE,20010916,0,  , TS,30.4,77.9,50,998,-999,-999,-999,-999,-999,-999,-999,-999,-999,-999,-999,-999
41898,AL082001,          GABRIELLE,20010916,600,  , TS,30.8,76.8,50,998,-999,-999,-999,-999,-999,-999,-999,-999,-999,-999,-999,-999
42045,AL152001,           MICHELLE,20011105,600,  , HU,23.1,79.7,80,972,-999,-999,-999,-999,-999,-999,-999,-999,-999,-999,-999,-999
42046,AL152001,           MICHELLE,20011105,1200, L, HU,24.3,78.0,80,974,-999,-999,-999,-999,-999,-999,-999,-999,-999,-999,-999,-999
42047,AL152001,           MICHELLE,20011105,1800, L, HU,25.4,76.4,75,980,-999,-999,-999,-999,-999,-999,-999,-999,-999,-999,-999,-999
42048,AL152001,           MICHELLE,20011106,0,  , EX,26.3,74.5,75,980,-999,-999,-999,-999,-999,-999,-999,-999,-999,-999,-999,-999
42049,AL152001,           MICHELLE,20011106,600,  , EX,26.9,72.6,75,980,-999,-999,-999,-999,-999,-999,-999,-999,-999,-999,-999,-999
42131,AL022002,             BERTHA,20020804,1800,  , TD,29.0,88.5,25,1012,-999,-999,-999,-999,-999,-999,-999,-999,-999,-999,-999,-999
42132,AL022002,             BERTHA,20020805,0,  , TS,29.3,89.2,35,1008,-999,-999,-999,-999,-999,-999,-999,-999,-999,-999,-999,-999
42133,AL022002,             BERTHA,20020805,100, I, TS,29.4,89.2,35,1007,-999,-999,-999,-999,-999,-999,-999,-999,-999,-999,-999,-999
42134,AL022002,             BERTHA,20020805,200, L, TS,29.4,89.3,35,1008,-999,-999,-999,-999,-999,-999,-999,-999,-999,-999,-999,-999
42135,AL022002,             BERTHA,20020805,600,  , TS,29.6,89.7,35,1008,-999,-999,-999,-999,-999,-999,-999,-999,-999,-999,-999,-999
42136,AL022002,             BERTHA,20020805,1200,  , TD,30.5,90.1,25,1010,-999,-999,-999,-999,-999,-999,-999,-999,-999,-999,-999,-999
42137,AL022002,             BERTHA,20020805,1800,  , TD,30.9,90.6,20,1011,-999,-999,-999,-999,-999,-999,-999,-999,-999,-999,-999,-999
42138,AL022002,             BERTHA,20020806,0,  , TD,30.9,91.0,15,1012,-999,-999,-999,-999,-999,-999,-999,-999,-999,-999,-999,-999
42139,AL022002,             BERTHA,20020806,600,  , TD,30.8,91.4,15,1013,-999,-999,-999,-999,-999,-999,-999,-999,-999,-999,-999,-999
42140,AL022002,             BERTHA,20020806,1200,  , TD,30.6,91.5,15,1013,-999,-999,-999,-999,-999,-999,-999,-999,-999,-999,-999,-999
42141,AL022002,             BERTHA,20020806,1800,  , TD,30.3,91.6,15,1012,-999,-999,-999,-999,-999,-999,-999,-999,-999,-999,-999,-999
42142,AL022002,             BERTHA,20020807,0,  , TD,30.0,91.7,20,1010,-999,-999,-999,-999,-999,-999,-999,-999,-999,-999,-999,-999
42143,AL022002,             BERTHA,20020807,600,  , TD,29.7,92.2,20,1011,-999,-999,-999,-999,-999,-999,-999,-999,-999,-999,-999,-999
42144,AL022002,             BERTHA,20020807,1200,  , TD,29.4,92.7,25,1011,-999,-999,-999,-999,-999,-999,-999,-999,-999,-999,-999,-999
42145,AL022002,             BERTHA,20020807,1800,  , TD,29.0,93.2,25,1010,-999,-999,-999,-999,-999,-999,-999,-999,-999,-999,-999,-999
42156,AL032002,          CRISTOBAL,20020806,600,  , TD,31.1,77.0,30,1004,-999,-999,-999,-999,-999,-999,-999,-999,-999,-999,-999,-999
42157,AL032002,          CRISTOBAL,20020806,1200,  , TD,30.7,76.6,30,1004,-999,-999,-999,-999,-999,-999,-999,-999,-999,-999,-999,-999
42158,AL032002,          CRISTOBAL,20020806,1800,  , TS,30.4,76.4,35,1002,-999,-999,-999,-999,-999,-999,-999,-999,-999,-999,-999,-999
42159,AL032002,          CRISTOBAL,20020807,0,  , TS,30.1,76.2,40,999,-999,-999,-999,-999,-999,-999,-999,-999,-999,-999,-999,-999
42160,AL032002,          CRISTOBAL,20020807,600,  , TS,29.7,76.2,40,999,-999,-999,-999,-999,-999,-999,-999,-999,-999,-999,-999,-999
42161,AL032002,          CRISTOBAL,20020807,1200,  , TS,29.4,76.0,40,999,-999,-999,-999,-999,-999,-999,-999,-999,-999,-999,-999,-999
42162,AL032002,          CRISTOBAL,20020807,1800,  , TS,29.7,75.7,40,1000,-999,-999,-999,-999,-999,-999,-999,-999,-999,-999,-999,-999
42163,AL032002,          CRISTOBAL,20020808,0,  , TS,29.7,75.3,45,1000,-999,-999,-999,-999,-999,-999,-999,-999,-999,-999,-999,-999
42164,AL032002,          CRISTOBAL,20020808,600,  , TS,29.7,74.9,45,1000,-999,-999,-999,-999,-999,-999,-999,-999,-999,-999,-999,-999
42165,AL032002,          CRISTOBAL,20020808,1200,  , TS,29.9,74.0,45,1003,-999,-999,-999,-999,-999,-999,-999,-999,-999,-999,-999,-999
42166,AL032002,          CRISTOBAL,20020808,1800,  , TS,31.0,72.0,45,1008,-999,-999,-999,-999,-999,-999,-999,-999,-999,-999,-999,-999
42193,AL052002,            EDOUARD,20020901,1800,  , TD,29.2,78.8,30,1013,-999,-999,-999,-999,-999,-999,-999,-999,-999,-999,-999,-999
42194,AL052002,            EDOUARD,20020902,0,  , TD,29.7,79.1,30,1011,-999,-999,-999,-999,-999,-999,-999,-999,-999,-999,-999,-999
42195,AL052002,            EDOUARD,20020902,600,  , TS,30.1,79.7,35,1007,-999,-999,-999,-999,-999,-999,-999,-999,-999,-999,-999,-999
42196,AL052002,            EDOUARD,20020902,1200,  , TS,30.4,79.6,35,1007,-999,-999,-999,-999,-999,-999,-999,-999,-999,-999,-999,-999
42197,AL052002,            EDOUARD,20020902,1800,  , TS,30.5,79.0,35,1005,-999,-999,-999,-999,-999,-999,-999,-999,-999,-999,-999,-999
42198,AL052002,            EDOUARD,20020903,0,  , TS,30.5,78.6,35,1003,-999,-999,-999,-999,-999,-999,-999,-999,-999,-999,-999,-999
42199,AL052002,            EDOUARD,20020903,600,  , TS,30.4,78.5,35,1003,-999,-999,-999,-999,-999,-999,-999,-999,-999,-999,-999,-999
42200,AL052002,            EDOUARD,20020903,1200,  , TS,30.4,78.4,55,1002,-999,-999,-999,-999,-999,-999,-999,-999,-999,-999,-999,-999
42201,AL052002,            EDOUARD,20020903,1800,  , TS,30.0,79.0,45,1004,-999,-999,-999,-999,-999,-999,-999,-999,-999,-999,-999,-999
42202,AL052002,            EDOUARD,20020904,0,  , TS,29.9,79.1,40,1005,-999,-999,-999,-999,-999,-999,-999,-999,-999,-999,-999,-999
42203,AL052002,            EDOUARD,20020904,600,  , TS,29.9,79.5,35,1002,-999,-999,-999,-999,-999,-999,-999,-999,-999,-999,-999,-999
42204,AL052002,            EDOUARD,20020904,1200,  , TS,29.9,79.8,35,1006,-999,-999,-999,-999,-999,-999,-999,-999,-999,-999,-999,-999
42205,AL052002,            EDOUARD,20020904,1800,  , TS,29.7,80.5,35,1009,-999,-999,-999,-999,-999,-999,-999,-999,-999,-999,-999,-999
42206,AL052002,            EDOUARD,20020905,0,  , TS,29.4,81.0,35,1008,-999,-999,-999,-999,-999,-999,-999,-999,-999,-999,-999,-999
42207,AL052002,            EDOUARD,20020905,45, L, TS,29.4,81.1,35,1009,-999,-999,-999,-999,-999,-999,-999,-999,-999,-999,-999,-999
42208,AL052002,            EDOUARD,20020905,600,  , TD,29.2,81.6,25,1011,-999,-999,-999,-999,-999,-999,-999,-999,-999,-999,-999,-999
42209,AL052002,            EDOUARD,20020905,1200,  , TD,28.9,82.4,20,1011,-999,-999,-999,-999,-999,-999,-999,-999,-999,-999,-999,-999
42210,AL052002,            EDOUARD,20020905,1800,  , TD,28.6,83.4,20,1011,-999,-999,-999,-999,-999,-999,-999,-999,-999,-999,-999,-999
42211,AL052002,            EDOUARD,20020906,0,  , TD,28.4,83.9,20,1009,-999,-999,-999,-999,-999,-999,-999,-999,-999,-999,-999,-999
42212,AL052002,            EDOUARD,20020906,600,  , TD,28.3,84.7,20,1010,-999,-999,-999,-999,-999,-999,-999,-999,-999,-999,-999,-999
42213,AL052002,            EDOUARD,20020906,1200,  , TD,28.5,86.0,20,1008,-999,-999,-999,-999,-999,-999,-999,-999,-999,-999,-999,-999
42242,AL082002,             GUSTAV,20020908,1200,  , SD,29.0,71.0,30,1009,-999,-999,-999,-999,-999,-999,-999,-999,-999,-999,-999,-999
42243,AL082002,             GUSTAV,20020908,1800,  , SS,30.2,71.1,35,1007,-999,-999,-999,-999,-999,-999,-999,-999,-999,-999,-999,-999
42244,AL082002,             GUSTAV,20020909,0,  , SS,30.5,72.3,40,1004,-999,-999,-999,-999,-999,-999,-999,-999,-999,-999,-999,-999
42245,AL082002,             GUSTAV,20020909,600,  , SS,31.2,72.6,40,1003,-999,-999,-999,-999,-999,-999,-999,-999,-999,-999,-999,-999
42272,AL092002,              HANNA,20020912,0,  , TD,26.3,86.6,30,1001,-999,-999,-999,-999,-999,-999,-999,-999,-999,-999,-999,-999
42273,AL092002,              HANNA,20020912,600,  , TS,26.7,86.4,35,1001,-999,-999,-999,-999,-999,-999,-999,-999,-999,-999,-999,-999
42274,AL092002,              HANNA,20020912,1200,  , TS,27.0,86.7,35,1001,-999,-999,-999,-999,-999,-999,-999,-999,-999,-999,-999,-999
42275,AL092002,              HANNA,20020912,1800,  , TS,27.1,87.5,35,1001,-999,-999,-999,-999,-999,-999,-999,-999,-999,-999,-999,-999
42276,AL092002,              HANNA,20020913,0,  , TS,26.7,88.0,35,1001,-999,-999,-999,-999,-999,-999,-999,-999,-999,-999,-999,-999
42277,AL092002,              HANNA,20020913,600,  , TS,26.9,88.8,40,1002,-999,-999,-999,-999,-999,-999,-999,-999,-999,-999,-999,-999
42278,AL092002,              HANNA,20020913,1200,  , TS,27.4,89.3,45,1002,-999,-999,-999,-999,-999,-999,-999,-999,-999,-999,-999,-999
42279,AL092002,              HANNA,20020913,1800,  , TS,27.7,89.3,45,1003,-999,-999,-999,-999,-999,-999,-999,-999,-999,-999,-999,-999
42280,AL092002,              HANNA,20020914,0,  , TS,28.0,89.2,50,1001,-999,-999,-999,-999,-999,-999,-999,-999,-999,-999,-999,-999
42281,AL092002,              HANNA,20020914,600,  , TS,28.7,89.1,50,1003,-999,-999,-999,-999,-999,-999,-999,-999,-999,-999,-999,-999
42282,AL092002,              HANNA,20020914,800, L, TS,29.1,89.1,50,1003,-999,-999,-999,-999,-999,-999,-999,-999,-999,-999,-999,-999
42283,AL092002,              HANNA,20020914,1200,  , TS,30.0,88.8,50,1003,-999,-999,-999,-999,-999,-999,-999,-999,-999,-999,-999,-999
42284,AL092002,              HANNA,20020914,1500, L, TS,30.4,88.4,50,1002,-999,-999,-999,-999,-999,-999,-999,-999,-999,-999,-999,-999
42285,AL092002,              HANNA,20020914,1800,  , TD,30.8,88.0,30,1005,-999,-999,-999,-999,-999,-999,-999,-999,-999,-999,-999,-999
42332,AL102002,            ISIDORE,20020925,0,  , TS,23.0,89.7,50,987,-999,-999,-999,-999,-999,-999,-999,-999,-999,-999,-999,-999
42333,AL102002,            ISIDORE,20020925,600,  , TS,24.2,89.7,50,987,-999,-999,-999,-999,-999,-999,-999,-999,-999,-999,-999,-999
42334,AL102002,            ISIDORE,20020925,1200,  , TS,25.4,90.2,50,990,-999,-999,-999,-999,-999,-999,-999,-999,-999,-999,-999,-999
42335,AL102002,            ISIDORE,20020925,1800,  , TS,26.3,90.4,55,988,-999,-999,-999,-999,-999,-999,-999,-999,-999,-999,-999,-999
42336,AL102002,            ISIDORE,20020926,0,  , TS,27.5,90.3,55,989,-999,-999,-999,-999,-999,-999,-999,-999,-999,-999,-999,-999
42337,AL102002,            ISIDORE,20020926,600, L, TS,29.1,90.3,55,984,-999,-999,-999,-999,-999,-999,-999,-999,-999,-999,-999,-999
42338,AL102002,            ISIDORE,20020926,1200,  , TS,30.0,89.9,55,985,-999,-999,-999,-999,-999,-999,-999,-999,-999,-999,-999,-999
42409,AL122002,               KYLE,20021004,1800,  , TS,30.6,70.2,35,1004,-999,-999,-999,-999,-999,-999,-999,-999,-999,-999,-999,-999
42410,AL122002,               KYLE,20021005,0,  , TS,31.1,70.9,35,1004,-999,-999,-999,-999,-999,-999,-999,-999,-999,-999,-999,-999
42424,AL122002,               KYLE,20021008,1200,  , TS,31.4,71.3,35,1006,-999,-999,-999,-999,-999,-999,-999,-999,-999,-999,-999,-999
42425,AL122002,               KYLE,20021008,1800,  , TD,30.7,71.9,30,1009,-999,-999,-999,-999,-999,-999,-999,-999,-999,-999,-999,-999
42426,AL122002,               KYLE,20021009,0,  , TD,29.8,72.4,30,1010,-999,-999,-999,-999,-999,-999,-999,-999,-999,-999,-999,-999
42427,AL122002,               KYLE,20021009,600,  , TD,29.0,73.3,30,1009,-999,-999,-999,-999,-999,-999,-999,-999,-999,-999,-999,-999
42428,AL122002,               KYLE,20021009,1200,  , TD,28.7,74.0,30,1010,-999,-999,-999,-999,-999,-999,-999,-999,-999,-999,-999,-999
42429,AL122002,               KYLE,20021009,1800,  , TD,28.5,74.8,25,1011,-999,-999,-999,-999,-999,-999,-999,-999,-999,-999,-999,-999
42430,AL122002,               KYLE,20021010,0,  , TD,28.4,75.8,25,1010,-999,-999,-999,-999,-999,-999,-999,-999,-999,-999,-999,-999
42431,AL122002,               KYLE,20021010,600,  , TD,28.3,77.0,25,1010,-999,-999,-999,-999,-999,-999,-999,-999,-999,-999,-999,-999
42432,AL122002,               KYLE,20021010,1200,  , TD,28.4,78.1,25,1010,-999,-999,-999,-999,-999,-999,-999,-999,-999,-999,-999,-999
42433,AL122002,               KYLE,20021010,1800,  , TD,28.9,79.5,30,1010,-999,-999,-999,-999,-999,-999,-999,-999,-999,-999,-999,-999
42434,AL122002,               KYLE,20021011,0,  , TD,29.8,80.2,30,1009,-999,-999,-999,-999,-999,-999,-999,-999,-999,-999,-999,-999
42435,AL122002,               KYLE,20021011,600,  , TS,30.7,80.8,35,1008,-999,-999,-999,-999,-999,-999,-999,-999,-999,-999,-999,-999
42487,AL132002,               LILI,20021002,0,  , HU,23.0,85.7,90,967,-999,-999,-999,-999,-999,-999,-999,-999,-999,-999,-999,-999
42488,AL132002,               LILI,20021002,600,  , HU,23.6,87.2,100,962,-999,-999,-999,-999,-999,-999,-999,-999,-999,-999,-999,-999
42489,AL132002,               LILI,20021002,1200,  , HU,24.4,88.3,110,952,-999,-999,-999,-999,-999,-999,-999,-999,-999,-999,-999,-999
42490,AL132002,               LILI,20021002,1800,  , HU,25.4,89.5,120,941,-999,-999,-999,-999,-999,-999,-999,-999,-999,-999,-999,-999
42491,AL132002,               LILI,20021002,2013, I, HU,25.9,89.9,125,938,-999,-999,-999,-999,-999,-999,-999,-999,-999,-999,-999,-999
42492,AL132002,               LILI,20021003,0,  , HU,26.7,90.3,125,940,-999,-999,-999,-999,-999,-999,-999,-999,-999,-999,-999,-999
42493,AL132002,               LILI,20021003,600,  , HU,28.1,91.4,105,957,-999,-999,-999,-999,-999,-999,-999,-999,-999,-999,-999,-999
42494,AL132002,               LILI,20021003,1200,  , HU,29.2,92.1,80,962,-999,-999,-999,-999,-999,-999,-999,-999,-999,-999,-999,-999
42495,AL132002,               LILI,20021003,1300, L, HU,29.5,92.2,80,963,-999,-999,-999,-999,-999,-999,-999,-999,-999,-999,-999,-999
42496,AL132002,               LILI,20021003,1800,  , TS,30.5,92.4,60,976,-999,-999,-999,-999,-999,-999,-999,-999,-999,-999,-999,-999
42559,AL032003,               BILL,20030629,1200,  , TS,23.4,90.5,35,1007,-999,-999,-999,-999,-999,-999,-999,-999,-999,-999,-999,-999
42560,AL032003,               BILL,20030629,1800,  , TS,24.6,91.1,40,1009,-999,-999,-999,-999,-999,-999,-999,-999,-999,-999,-999,-999
42561,AL032003,               BILL,20030630,0,  , TS,25.9,91.3,45,1008,-999,-999,-999,-999,-999,-999,-999,-999,-999,-999,-999,-999
42562,AL032003,               BILL,20030630,600,  , TS,27.1,91.5,45,1007,-999,-999,-999,-999,-999,-999,-999,-999,-999,-999,-999,-999
42563,AL032003,               BILL,20030630,1200,  , TS,28.2,91.5,50,1002,-999,-999,-999,-999,-999,-999,-999,-999,-999,-999,-999,-999
42564,AL032003,               BILL,20030630,1800,  , TS,29.1,91.0,50,997,-999,-999,-999,-999,-999,-999,-999,-999,-999,-999,-999,-999
42565,AL032003,               BILL,20030630,1900, L, TS,29.3,91.0,50,997,-999,-999,-999,-999,-999,-999,-999,-999,-999,-999,-999,-999
42566,AL032003,               BILL,20030701,0,  , TS,30.4,90.3,45,998,-999,-999,-999,-999,-999,-999,-999,-999,-999,-999,-999,-999
42596,AL042003,          CLAUDETTE,20030712,0,  , TS,22.6,89.2,45,1008,-999,-999,-999,-999,-999,-999,-999,-999,-999,-999,-999,-999
42597,AL042003,          CLAUDETTE,20030712,600,  , TS,23.3,90.2,45,1007,-999,-999,-999,-999,-999,-999,-999,-999,-999,-999,-999,-999
42598,AL042003,          CLAUDETTE,20030712,1200,  , TS,23.9,90.7,45,1006,-999,-999,-999,-999,-999,-999,-999,-999,-999,-999,-999,-999
42599,AL042003,          CLAUDETTE,20030712,1800,  , TS,24.6,90.9,45,1008,-999,-999,-999,-999,-999,-999,-999,-999,-999,-999,-999,-999
42600,AL042003,          CLAUDETTE,20030713,0,  , TS,24.9,91.5,45,1003,-999,-999,-999,-999,-999,-999,-999,-999,-999,-999,-999,-999
42601,AL042003,          CLAUDETTE,20030713,600,  , TS,24.9,91.9,45,1005,-999,-999,-999,-999,-999,-999,-999,-999,-999,-999,-999,-999
42602,AL042003,          CLAUDETTE,20030713,1200,  , TS,25.1,92.1,50,999,-999,-999,-999,-999,-999,-999,-999,-999,-999,-999,-999,-999
42603,AL042003,          CLAUDETTE,20030713,1800,  , TS,25.3,92.2,50,995,-999,-999,-999,-999,-999,-999,-999,-999,-999,-999,-999,-999
42604,AL042003,          CLAUDETTE,20030714,0,  , TS,25.6,92.2,55,991,-999,-999,-999,-999,-999,-999,-999,-999,-999,-999,-999,-999
42605,AL042003,          CLAUDETTE,20030714,600,  , TS,26.0,92.3,55,993,-999,-999,-999,-999,-999,-999,-999,-999,-999,-999,-999,-999
42606,AL042003,          CLAUDETTE,20030714,1200,  , TS,26.7,92.6,55,991,-999,-999,-999,-999,-999,-999,-999,-999,-999,-999,-999,-999
42607,AL042003,          CLAUDETTE,20030714,1800,  , TS,27.3,93.0,60,989,-999,-999,-999,-999,-999,-999,-999,-999,-999,-999,-999,-999
42672,AL072003,            UNNAMED,20030725,1200,  , TD,29.3,80.1,25,1017,-999,-999,-999,-999,-999,-999,-999,-999,-999,-999,-999,-999
42673,AL072003,            UNNAMED,20030725,1800,  , TD,30.1,80.5,25,1017,-999,-999,-999,-999,-999,-999,-999,-999,-999,-999,-999,-999
42674,AL072003,            UNNAMED,20030726,0,  , TD,30.7,80.8,30,1016,-999,-999,-999,-999,-999,-999,-999,-999,-999,-999,-999,-999
42679,AL082003,              ERIKA,20030814,1800,  , TS,26.4,83.3,35,1011,-999,-999,-999,-999,-999,-999,-999,-999,-999,-999,-999,-999
42680,AL082003,              ERIKA,20030815,0,  , TS,26.6,85.7,40,1008,-999,-999,-999,-999,-999,-999,-999,-999,-999,-999,-999,-999
42681,AL082003,              ERIKA,20030815,600,  , TS,26.4,88.3,40,1008,-999,-999,-999,-999,-999,-999,-999,-999,-999,-999,-999,-999
42682,AL082003,              ERIKA,20030815,1200,  , TS,26.1,90.5,45,1007,-999,-999,-999,-999,-999,-999,-999,-999,-999,-999,-999,-999
42683,AL082003,              ERIKA,20030815,1800,  , TS,26.0,92.5,50,1001,-999,-999,-999,-999,-999,-999,-999,-999,-999,-999,-999,-999
42747,AL112003,              GRACE,20030830,1200,  , TD,24.3,92.4,30,1008,-999,-999,-999,-999,-999,-999,-999,-999,-999,-999,-999,-999
42748,AL112003,              GRACE,20030830,1800,  , TS,24.9,93.3,35,1009,-999,-999,-999,-999,-999,-999,-999,-999,-999,-999,-999,-999
42760,AL122003,              HENRI,20030903,1800,  , TD,27.4,87.7,25,1013,-999,-999,-999,-999,-999,-999,-999,-999,-999,-999,-999,-999
42761,AL122003,              HENRI,20030904,0,  , TD,27.6,87.8,25,1011,-999,-999,-999,-999,-999,-999,-999,-999,-999,-999,-999,-999
42762,AL122003,              HENRI,20030904,600,  , TD,27.8,87.6,25,1009,-999,-999,-999,-999,-999,-999,-999,-999,-999,-999,-999,-999
42763,AL122003,              HENRI,20030904,1200,  , TD,27.8,87.2,30,1010,-999,-999,-999,-999,-999,-999,-999,-999,-999,-999,-999,-999
42764,AL122003,              HENRI,20030904,1800,  , TD,27.8,86.3,30,1002,-999,-999,-999,-999,-999,-999,-999,-999,-999,-999,-999,-999
42765,AL122003,              HENRI,20030905,0,  , TD,27.6,85.8,30,1004,-999,-999,-999,-999,-999,-999,-999,-999,-999,-999,-999,-999
42766,AL122003,              HENRI,20030905,600,  , TS,27.7,85.1,35,1000,-999,-999,-999,-999,-999,-999,-999,-999,-999,-999,-999,-999
42767,AL122003,              HENRI,20030905,1200,  , TS,28.1,84.4,40,997,-999,-999,-999,-999,-999,-999,-999,-999,-999,-999,-999,-999
42768,AL122003,              HENRI,20030905,1800,  , TS,28.3,84.2,50,997,-999,-999,-999,-999,-999,-999,-999,-999,-999,-999,-999,-999
42769,AL122003,              HENRI,20030906,0,  , TD,27.9,83.9,30,1002,-999,-999,-999,-999,-999,-999,-999,-999,-999,-999,-999,-999
42770,AL122003,              HENRI,20030906,600,  , TD,27.7,83.5,30,1005,-999,-999,-999,-999,-999,-999,-999,-999,-999,-999,-999,-999
42771,AL122003,              HENRI,20030906,900, L, TD,27.9,82.8,30,1006,-999,-999,-999,-999,-999,-999,-999,-999,-999,-999,-999,-999
42772,AL122003,              HENRI,20030906,1200,  , TD,28.4,81.8,25,1007,-999,-999,-999,-999,-999,-999,-999,-999,-999,-999,-999,-999
42773,AL122003,              HENRI,20030906,1800,  , TD,29.2,80.4,25,1006,-999,-999,-999,-999,-999,-999,-999,-999,-999,-999,-999,-999
42774,AL122003,              HENRI,20030907,0,  , TD,30.0,79.5,30,1006,-999,-999,-999,-999,-999,-999,-999,-999,-999,-999,-999,-999
42775,AL122003,              HENRI,20030907,600,  , TD,30.5,79.2,30,1008,-999,-999,-999,-999,-999,-999,-999,-999,-999,-999,-999,-999
42776,AL122003,              HENRI,20030907,1200,  , TD,30.8,78.5,30,1006,-999,-999,-999,-999,-999,-999,-999,-999,-999,-999,-999,-999
42777,AL122003,              HENRI,20030907,1800,  , TD,31.3,77.9,30,1006,-999,-999,-999,-999,-999,-999,-999,-999,-999,-999,-999,-999
42822,AL132003,             ISABEL,20030916,0,  , HU,25.7,70.2,105,952,-999,-999,-999,-999,-999,-999,-999,-999,-999,-999,-999,-999
42823,AL132003,             ISABEL,20030916,600,  , HU,26.3,70.5,100,955,-999,-999,-999,-999,-999,-999,-999,-999,-999,-999,-999,-999
42824,AL132003,             ISABEL,20030916,1200,  , HU,26.8,70.9,95,959,-999,-999,-999,-999,-999,-999,-999,-999,-999,-999,-999,-999
42825,AL132003,             ISABEL,20030916,1800,  , HU,27.4,71.2,95,959,-999,-999,-999,-999,-999,-999,-999,-999,-999,-999,-999,-999
42826,AL132003,             ISABEL,20030917,0,  , HU,28.1,71.5,95,957,-999,-999,-999,-999,-999,-999,-999,-999,-999,-999,-999,-999
42827,AL132003,             ISABEL,20030917,600,  , HU,28.9,71.9,95,957,-999,-999,-999,-999,-999,-999,-999,-999,-999,-999,-999,-999
42828,AL132003,             ISABEL,20030917,1200,  , HU,29.7,72.5,90,957,-999,-999,-999,-999,-999,-999,-999,-999,-999,-999,-999,-999
42829,AL132003,             ISABEL,20030917,1800,  , HU,30.6,73.0,90,955,-999,-999,-999,-999,-999,-999,-999,-999,-999,-999,-999,-999
42976,AL182003,              MINDY,20031011,1800,  , TS,22.7,71.5,35,1007,-999,-999,-999,-999,-999,-999,-999,-999,-999,-999,-999,-999
42977,AL182003,              MINDY,20031012,0,  , TS,23.6,71.9,35,1006,-999,-999,-999,-999,-999,-999,-999,-999,-999,-999,-999,-999
42978,AL182003,              MINDY,20031012,600,  , TD,24.0,72.4,30,1007,-999,-999,-999,-999,-999,-999,-999,-999,-999,-999,-999,-999
42979,AL182003,              MINDY,20031012,1200,  , TD,24.7,72.2,30,1008,-999,-999,-999,-999,-999,-999,-999,-999,-999,-999,-999,-999
42980,AL182003,              MINDY,20031012,1800,  , TD,25.5,72.0,30,1008,-999,-999,-999,-999,-999,-999,-999,-999,-999,-999,-999,-999
42981,AL182003,              MINDY,20031013,0,  , TD,25.6,71.0,30,1008,-999,-999,-999,-999,-999,-999,-999,-999,-999,-999,-999,-999
42982,AL182003,              MINDY,20031013,600,  , TD,25.7,70.3,30,1008,-999,-999,-999,-999,-999,-999,-999,-999,-999,-999,-999,-999
43104,AL012004,               ALEX,20040731,1800,  , TD,30.3,78.3,25,1010,0,0,0,0,0,0,0,0,0,0,0,0
43105,AL012004,               ALEX,20040801,0,  , TD,31.0,78.8,25,1009,0,0,0,0,0,0,0,0,0,0,0,0
43110,AL012004,               ALEX,20040802,600,  , TS,31.4,79.4,40,1005,60,90,90,0,0,0,0,0,0,0,0,0
43111,AL012004,               ALEX,20040802,1200,  , TS,31.3,79.0,50,992,75,90,60,20,30,30,0,0,0,0,0,0
43154,AL022004,             BONNIE,20040809,1800,  , TS,22.9,88.3,40,1007,25,25,25,25,0,0,0,0,0,0,0,0
43155,AL022004,             BONNIE,20040810,0,  , TS,23.1,89.0,45,1006,25,25,25,25,0,0,0,0,0,0,0,0
43156,AL022004,             BONNIE,20040810,600,  , TS,23.4,89.8,45,1005,25,25,25,25,0,0,0,0,0,0,0,0
43157,AL022004,             BONNIE,20040810,1200,  , TS,24.0,90.6,50,1002,25,25,25,25,15,15,15,15,0,0,0,0
43158,AL022004,             BONNIE,20040810,1800,  , TS,24.4,90.6,45,1003,25,40,40,25,0,0,0,0,0,0,0,0
43159,AL022004,             BONNIE,20040811,0,  , TS,24.7,90.6,40,1003,25,25,25,25,0,0,0,0,0,0,0,0
43160,AL022004,             BONNIE,20040811,600,  , TS,25.2,90.6,40,1003,35,45,25,25,0,0,0,0,0,0,0,0
43161,AL022004,             BONNIE,20040811,1200,  , TS,25.7,90.4,45,1001,45,60,25,25,0,0,0,0,0,0,0,0
43162,AL022004,             BONNIE,20040811,1800,  , TS,26.4,89.6,55,1001,45,60,25,25,15,15,15,15,0,0,0,0
43163,AL022004,             BONNIE,20040812,0,  , TS,27.0,88.8,50,1007,45,60,25,25,15,15,15,15,0,0,0,0
43164,AL022004,             BONNIE,20040812,600,  , TS,27.7,88.1,45,1008,45,60,25,25,0,0,0,0,0,0,0,0
43165,AL022004,             BONNIE,20040812,1200,  , TS,29.0,86.1,45,1002,45,60,25,25,0,0,0,0,0,0,0,0
43166,AL022004,             BONNIE,20040812,1400, L, TS,29.6,85.1,40,1002,-999,-999,-999,-999,-999,-999,-999,-999,-999,-999,-999,-999
43167,AL022004,             BONNIE,20040812,1800,  , TD,30.2,84.0,30,1006,0,0,0,0,0,0,0,0,0,0,0,0
43188,AL032004,            CHARLEY,20040813,430, L, HU,22.7,82.6,105,966,-999,-999,-999,-999,-999,-999,-999,-999,-999,-999,-999,-999
43189,AL032004,            CHARLEY,20040813,600,  , HU,23.0,82.6,105,966,90,90,45,90,60,50,20,40,25,20,10,20
43190,AL032004,            CHARLEY,20040813,1200,  , HU,24.4,82.9,95,969,90,90,75,75,50,50,40,40,25,25,15,15
43191,AL032004,            CHARLEY,20040813,1800,  , HU,26.1,82.4,125,947,40,75,75,50,30,40,40,25,20,20,10,10
43192,AL032004,            CHARLEY,20040813,1945, L, HU,26.6,82.2,130,941,-999,-999,-999,-999,-999,-999,-999,-999,-999,-999,-999,-999
43193,AL032004,            CHARLEY,20040813,2045, L, HU,26.9,82.1,125,942,-999,-999,-999,-999,-999,-999,-999,-999,-999,-999,-999,-999
43194,AL032004,            CHARLEY,20040814,0,  , HU,28.1,81.6,75,970,40,75,40,40,30,40,30,25,20,20,20,10
43195,AL032004,            CHARLEY,20040814,600,  , HU,30.1,80.8,75,993,75,100,40,40,50,75,30,25,25,50,20,10
43292,AL062004,            FRANCES,20040902,600,  , HU,22.7,72.5,125,937,160,130,120,160,120,100,75,100,70,60,45,60
43293,AL062004,            FRANCES,20040902,730, W, HU,22.8,72.8,125,936,-999,-999,-999,-999,-999,-999,-999,-999,-999,-999,-999,-999
43294,AL062004,            FRANCES,20040902,1200,  , HU,23.2,73.5,120,939,160,130,120,160,120,100,75,100,70,60,45,60
43295,AL062004,            FRANCES,20040902,1800,  , HU,23.8,74.3,115,948,160,140,120,160,120,100,75,100,70,60,45,60
43296,AL062004,            FRANCES,20040902,1930, L, HU,24.0,74.5,110,948,-999,-999,-999,-999,-999,-999,-999,-999,-999,-999,-999,-999
43297,AL062004,            FRANCES,20040903,0,  , HU,24.2,75.0,105,948,160,150,120,160,120,100,75,100,70,60,45,60
43298,AL062004,            FRANCES,20040903,530, L, HU,24.6,75.6,100,954,-999,-999,-999,-999,-999,-999,-999,-999,-999,-999,-999,-999
43299,AL062004,            FRANCES,20040903,600,  , HU,24.7,75.7,100,954,160,150,120,150,120,100,75,100,70,65,45,65
43300,AL062004,            FRANCES,20040903,1000, L, HU,25.1,76.1,95,956,-999,-999,-999,-999,-999,-999,-999,-999,-999,-999,-999,-999
43301,AL062004,            FRANCES,20040903,1200,  , HU,25.3,76.3,95,958,165,150,120,160,120,100,75,100,70,70,45,70
43302,AL062004,            FRANCES,20040903,1800,  , HU,25.7,77.1,90,960,170,150,120,160,125,100,75,100,75,75,45,75
43303,AL062004,            FRANCES,20040904,0,  , HU,26.0,77.5,85,960,175,160,120,160,125,100,80,110,80,70,45,75
43304,AL062004,            FRANCES,20040904,600,  , HU,26.4,77.9,85,960,175,160,120,160,125,100,80,110,85,60,50,75
43305,AL062004,            FRANCES,20040904,1000, L, HU,26.6,78.2,90,961,-999,-999,-999,-999,-999,-999,-999,-999,-999,-999,-999,-999
43306,AL062004,            FRANCES,20040904,1200,  , HU,26.8,78.5,90,962,175,160,120,160,125,100,80,110,85,60,50,75
43307,AL062004,            FRANCES,20040904,1800,  , HU,26.8,79.1,90,962,175,160,125,160,125,100,90,120,75,60,50,75
43308,AL062004,            FRANCES,20040905,0,  , HU,27.0,79.4,95,958,175,160,125,160,125,100,90,120,75,60,50,75
43309,AL062004,            FRANCES,20040905,430, L, HU,27.2,80.2,90,960,-999,-999,-999,-999,-999,-999,-999,-999,-999,-999,-999,-999
43310,AL062004,            FRANCES,20040905,600,  , HU,27.2,80.2,90,960,175,160,125,160,125,100,75,120,75,60,40,60
43311,AL062004,            FRANCES,20040905,1200,  , HU,27.4,80.7,80,969,175,150,125,125,80,80,40,40,60,30,30,30
43312,AL062004,            FRANCES,20040905,1800,  , TS,27.8,81.7,60,975,175,125,125,125,40,30,25,25,0,0,0,0
43313,AL062004,            FRANCES,20040906,0,  , TS,28.1,82.3,55,978,175,125,125,175,30,0,0,0,0,0,0,0
43314,AL062004,            FRANCES,20040906,600,  , TS,28.6,83.3,55,981,175,125,125,125,60,0,0,45,0,0,0,0
43315,AL062004,            FRANCES,20040906,1200,  , TS,29.2,83.7,55,982,75,90,90,75,45,0,0,45,0,0,0,0
43316,AL062004,            FRANCES,20040906,1800, L, TS,30.1,84.0,50,982,60,90,90,0,25,0,0,25,0,0,0,0
43317,AL062004,            FRANCES,20040907,0,  , TS,31.0,84.6,35,984,0,90,90,0,0,0,0,0,0,0,0,0
43335,AL072004,             GASTON,20040828,0,  , TD,31.4,78.0,30,1011,0,0,0,0,0,0,0,0,0,0,0,0
43336,AL072004,             GASTON,20040828,600,  , TS,31.3,78.2,35,1005,0,50,0,0,0,0,0,0,0,0,0,0
43337,AL072004,             GASTON,20040828,1200,  , TS,31.3,78.5,45,1000,50,50,0,0,0,0,0,0,0,0,0,0
43338,AL072004,             GASTON,20040828,1800,  , TS,31.3,78.8,50,997,75,75,40,40,0,25,0,0,0,0,0,0
43429,AL092004,               IVAN,20040914,1200,  , HU,23.0,86.0,125,930,225,175,150,200,125,110,70,100,85,85,50,75
43430,AL092004,               IVAN,20040914,1800,  , HU,23.7,86.5,120,931,225,175,150,200,175,125,75,125,90,90,60,75
43431,AL092004,               IVAN,20040915,0,  , HU,24.7,87.0,120,928,225,175,150,200,175,125,75,125,90,90,60,75
43432,AL092004,               IVAN,20040915,600,  , HU,25.6,87.4,120,935,225,175,150,200,175,125,75,125,90,90,60,75
43433,AL092004,               IVAN,20040915,1200,  , HU,26.7,87.9,115,939,225,250,150,175,150,100,90,100,90,90,75,75
43434,AL092004,               IVAN,20040915,1800,  , HU,27.9,88.2,115,937,225,250,125,150,125,100,100,100,90,90,75,75
43435,AL092004,               IVAN,20040916,0,  , HU,28.9,88.2,110,931,225,250,125,150,125,125,100,100,90,90,75,75
43436,AL092004,               IVAN,20040916,600,  , HU,30.0,87.9,105,943,225,250,125,100,125,125,100,75,90,90,75,50
43437,AL092004,               IVAN,20040916,650, L, HU,30.2,87.9,105,946,-999,-999,-999,-999,-999,-999,-999,-999,-999,-999,-999,-999
43438,AL092004,               IVAN,20040916,1200,  , HU,31.4,87.7,70,965,100,250,125,75,65,125,50,40,45,45,35,25
43452,AL092004,               IVAN,20040920,0,  , EX,31.0,77.5,35,1008,0,0,0,75,0,0,0,0,0,0,0,0
43453,AL092004,               IVAN,20040920,600,  , EX,29.0,78.5,35,1008,0,0,0,60,0,0,0,0,0,0,0,0
43454,AL092004,               IVAN,20040920,1200,  , EX,27.5,78.7,30,1009,0,0,0,0,0,0,0,0,0,0,0,0
43455,AL092004,               IVAN,20040920,1800,  , EX,26.4,79.1,25,1009,0,0,0,0,0,0,0,0,0,0,0,0
43456,AL092004,               IVAN,20040921,0,  , EX,26.1,79.7,25,1009,0,0,0,0,0,0,0,0,0,0,0,0
43457,AL092004,               IVAN,20040921,600,  , EX,25.9,80.6,25,1009,0,0,0,0,0,0,0,0,0,0,0,0
43458,AL092004,               IVAN,20040921,1200,  , EX,25.8,81.7,25,1009,0,0,0,0,0,0,0,0,0,0,0,0
43459,AL092004,               IVAN,20040921,1800,  , LO,25.2,82.8,25,1010,0,0,0,0,0,0,0,0,0,0,0,0
43460,AL092004,               IVAN,20040922,0,  , LO,24.8,84.1,25,1010,0,0,0,0,0,0,0,0,0,0,0,0
43461,AL092004,               IVAN,20040922,600,  , LO,25.1,86.1,25,1010,0,0,0,0,0,0,0,0,0,0,0,0
43462,AL092004,               IVAN,20040922,1200,  , LO,26.0,87.3,25,1010,0,0,0,0,0,0,0,0,0,0,0,0
43463,AL092004,               IVAN,20040922,1800,  , TD,26.5,88.6,30,1008,0,0,0,0,0,0,0,0,0,0,0,0
43464,AL092004,               IVAN,20040923,0,  , TS,27.1,89.5,35,1007,75,30,0,0,0,0,0,0,0,0,0,0
43465,AL092004,               IVAN,20040923,600,  , TS,27.9,91.0,35,1007,75,50,0,0,0,0,0,0,0,0,0,0
43466,AL092004,               IVAN,20040923,1200,  , TS,28.9,92.2,50,998,60,60,20,40,20,0,0,20,0,0,0,0
43467,AL092004,               IVAN,20040923,1800,  , TS,29.2,92.7,40,1003,50,50,20,40,0,0,0,0,0,0,0,0
43468,AL092004,               IVAN,20040924,0,  , TD,29.6,93.2,30,1003,0,0,0,0,0,0,0,0,0,0,0,0
43509,AL112004,             JEANNE,20040919,600,  , TS,22.8,72.3,40,1002,75,75,0,0,0,0,0,0,0,0,0,0
43510,AL112004,             JEANNE,20040919,1200,  , TS,23.5,72.5,40,1000,75,75,0,0,0,0,0,0,0,0,0,0
43511,AL112004,             JEANNE,20040919,1800,  , TS,24.2,72.3,45,996,75,75,75,75,0,0,0,0,0,0,0,0
43512,AL112004,             JEANNE,20040920,0,  , TS,24.8,72.1,50,994,75,75,75,75,25,25,0,0,0,0,0,0
43513,AL112004,             JEANNE,20040920,600,  , TS,25.5,72.0,55,992,90,75,75,75,60,40,0,0,0,0,0,0
43514,AL112004,             JEANNE,20040920,1200,  , TS,26.6,71.7,60,989,90,80,80,80,60,40,40,40,0,0,0,0
43515,AL112004,             JEANNE,20040920,1800,  , HU,27.2,71.4,75,984,90,80,80,90,60,40,50,50,20,20,20,20
43516,AL112004,             JEANNE,20040921,0,  , HU,27.4,70.8,75,982,90,90,90,90,60,60,60,60,20,20,20,20
43517,AL112004,             JEANNE,20040921,600,  , HU,27.6,70.2,75,972,90,90,90,105,60,60,60,75,30,30,30,45
43528,AL112004,             JEANNE,20040924,0,  , HU,26.0,70.4,70,966,100,100,100,120,60,60,60,70,30,30,30,40
43529,AL112004,             JEANNE,20040924,600,  , HU,26.1,71.2,75,969,105,105,105,120,70,70,70,80,35,30,35,40
43530,AL112004,             JEANNE,20040924,1200,  , HU,26.2,72.2,80,969,120,105,105,130,70,70,70,80,35,35,35,40
43531,AL112004,             JEANNE,20040924,1800,  , HU,26.4,73.1,85,968,120,105,105,130,70,70,70,80,35,35,35,40
43532,AL112004,             JEANNE,20040925,0,  , HU,26.4,74.3,85,964,180,120,105,130,100,70,70,80,60,45,45,60
43533,AL112004,             JEANNE,20040925,600,  , HU,26.5,75.6,90,960,180,120,105,130,100,70,70,90,60,45,45,60
43534,AL112004,             JEANNE,20040925,1200,  , HU,26.6,76.9,100,957,180,120,75,130,100,70,50,90,60,45,30,60
43535,AL112004,             JEANNE,20040925,1400, L, HU,26.7,77.3,100,956,-999,-999,-999,-999,-999,-999,-999,-999,-999,-999,-999,-999
43536,AL112004,             JEANNE,20040925,1800,  , HU,26.9,78.2,105,952,180,120,85,150,100,70,50,90,60,45,30,60
43537,AL112004,             JEANNE,20040926,0,  , HU,27.1,79.4,105,951,180,150,125,150,100,90,70,90,60,60,50,60
43538,AL112004,             JEANNE,20040926,400, L, HU,27.2,80.2,105,950,-999,-999,-999,-999,-999,-999,-999,-999,-999,-999,-999,-999
43539,AL112004,             JEANNE,20040926,600,  , HU,27.3,80.6,95,953,180,125,125,150,100,75,60,75,60,50,40,50
43540,AL112004,             JEANNE,20040926,1200,  , HU,27.7,81.6,75,965,150,125,125,150,75,75,60,75,30,0,0,25
43541,AL112004,             JEANNE,20040926,1800,  , TS,28.3,82.3,55,970,150,125,100,150,75,75,60,75,0,0,0,0
43542,AL112004,             JEANNE,20040927,0,  , TS,29.3,82.7,45,978,150,130,75,75,0,0,0,0,0,0,0,0
43543,AL112004,             JEANNE,20040927,600,  , TS,30.1,83.3,40,981,175,175,90,60,0,0,0,0,0,0,0,0
43544,AL112004,             JEANNE,20040927,1200,  , TS,31.1,83.9,35,987,175,175,90,60,0,0,0,0,0,0,0,0
43659,AL142004,            MATTHEW,20041009,600,  , TS,25.3,93.2,35,1002,100,100,0,0,0,0,0,0,0,0,0,0
43660,AL142004,            MATTHEW,20041009,1200,  , TS,26.3,92.8,35,1002,100,100,0,0,0,0,0,0,0,0,0,0
43661,AL142004,            MATTHEW,20041009,1800,  , TS,26.8,92.0,40,997,120,100,0,0,0,0,0,0,0,0,0,0
43662,AL142004,            MATTHEW,20041010,0,  , TS,27.3,91.4,40,998,120,120,0,0,0,0,0,0,0,0,0,0
43663,AL142004,            MATTHEW,20041010,600,  , TS,28.1,91.2,40,999,100,100,0,0,0,0,0,0,0,0,0,0
43664,AL142004,            MATTHEW,20041010,1100, L, TS,29.2,91.0,35,999,-999,-999,-999,-999,-999,-999,-999,-999,-999,-999,-999,-999
43665,AL142004,            MATTHEW,20041010,1200,  , TD,29.4,90.9,30,1000,0,0,0,0,0,0,0,0,0,0,0,0
43666,AL142004,            MATTHEW,20041010,1800,  , TD,30.4,90.9,25,1002,0,0,0,0,0,0,0,0,0,0,0,0
43724,AL012005,             ARLENE,20050610,1200,  , TS,23.0,84.7,50,1000,130,0,60,30,100,0,0,0,0,0,0,0
43725,AL012005,             ARLENE,20050610,1800,  , TS,24.9,85.1,55,995,130,100,0,40,100,0,0,0,0,0,0,0
43726,AL012005,             ARLENE,20050611,0,  , TS,26.5,85.6,60,990,140,120,0,75,75,0,0,45,0,0,0,0
43727,AL012005,             ARLENE,20050611,100, I, TS,26.5,85.6,60,989,-999,-999,-999,-999,-999,-999,-999,-999,-999,-999,-999,-999
43728,AL012005,             ARLENE,20050611,600,  , TS,27.7,86.8,60,993,140,120,0,75,75,0,0,45,0,0,0,0
43729,AL012005,             ARLENE,20050611,1200,  , TS,28.9,87.2,55,990,130,120,0,75,75,0,0,45,0,0,0,0
43730,AL012005,             ARLENE,20050611,1800,  , TS,30.1,87.5,50,991,30,100,0,0,0,75,0,0,0,0,0,0
43731,AL012005,             ARLENE,20050611,1900, L, TS,30.3,87.5,50,991,-999,-999,-999,-999,-999,-999,-999,-999,-999,-999,-999,-999
43732,AL012005,             ARLENE,20050612,0,  , TD,31.4,87.6,30,994,0,0,0,0,0,0,0,0,0,0,0,0
43755,AL032005,              CINDY,20050705,0,  , TD,23.9,89.7,30,1009,0,0,0,0,0,0,0,0,0,0,0,0
43756,AL032005,              CINDY,20050705,600,  , TS,25.1,90.2,35,1009,75,75,0,0,0,0,0,0,0,0,0,0
43757,AL032005,              CINDY,20050705,1200,  , TS,26.4,90.4,45,1002,90,90,0,20,0,0,0,0,0,0,0,0
43758,AL032005,              CINDY,20050705,1800,  , TS,27.6,90.5,60,997,90,90,30,60,30,30,0,25,0,0,0,0
43759,AL032005,              CINDY,20050706,0,  , HU,28.5,90.3,65,992,90,90,40,60,30,30,20,25,20,20,0,0
43760,AL032005,              CINDY,20050706,300, L, HU,29.2,90.1,65,991,-999,-999,-999,-999,-999,-999,-999,-999,-999,-999,-999,-999
43761,AL032005,              CINDY,20050706,600,  , TS,29.6,90.0,50,994,90,90,40,60,30,30,15,20,0,0,0,0
43762,AL032005,              CINDY,20050706,900, L, TS,30.2,89.5,45,995,-999,-999,-999,-999,-999,-999,-999,-999,-999,-999,-999,-999
43763,AL032005,              CINDY,20050706,1200,  , TS,30.8,88.9,40,998,0,70,0,0,0,0,0,0,0,0,0,0
43803,AL042005,             DENNIS,20050709,0,  , HU,22.7,81.6,100,960,150,150,75,140,90,75,30,55,55,35,20,30
43804,AL042005,             DENNIS,20050709,600,  , HU,23.4,82.5,75,973,175,150,75,140,90,75,30,55,55,35,20,30
43805,AL042005,             DENNIS,20050709,1200,  , HU,24.3,83.4,80,967,175,150,75,140,90,75,30,55,45,25,15,25
43806,AL042005,             DENNIS,20050709,1800,  , HU,25.2,84.2,90,962,175,175,80,150,100,75,30,55,35,25,15,25
43807,AL042005,             DENNIS,20050710,0,  , HU,26.1,85.0,110,942,175,200,80,150,100,75,30,55,35,25,15,25
43808,AL042005,             DENNIS,20050710,600,  , HU,27.2,85.8,125,935,175,200,90,150,100,75,30,60,35,25,15,25
43809,AL042005,             DENNIS,20050710,1200,  , HU,28.5,86.3,120,930,175,200,90,115,100,75,30,50,25,25,15,25
43810,AL042005,             DENNIS,20050710,1800,  , HU,29.9,86.9,110,942,110,175,90,75,65,60,30,30,20,20,15,20
43811,AL042005,             DENNIS,20050710,1930, L, HU,30.4,87.1,105,946,-999,-999,-999,-999,-999,-999,-999,-999,-999,-999,-999,-999
43876,AL052005,              EMILY,20050719,0,  , HU,22.6,91.5,75,981,125,75,50,90,75,50,30,60,30,30,0,0
43877,AL052005,              EMILY,20050719,600,  , HU,23.2,92.8,80,980,125,75,50,105,75,50,30,60,35,30,0,20
43887,AL062005,           FRANKLIN,20050721,1800,  , TD,25.0,75.0,30,1010,0,0,0,0,0,0,0,0,0,0,0,0
43888,AL062005,           FRANKLIN,20050722,0,  , TS,25.7,75.9,40,1009,35,20,0,0,0,0,0,0,0,0,0,0
43889,AL062005,           FRANKLIN,20050722,600,  , TS,26.2,76.4,40,1008,35,20,0,0,0,0,0,0,0,0,0,0
43890,AL062005,           FRANKLIN,20050722,1200,  , TS,26.6,76.8,45,1007,30,30,0,0,0,0,0,0,0,0,0,0
43891,AL062005,           FRANKLIN,20050722,1800,  , TS,27.4,76.7,45,1006,30,45,0,0,0,0,0,0,0,0,0,0
43892,AL062005,           FRANKLIN,20050723,0,  , TS,28.1,76.6,45,1003,40,75,0,0,0,0,0,0,0,0,0,0
43893,AL062005,           FRANKLIN,20050723,600,  , TS,28.7,76.1,50,1001,50,75,50,20,15,20,0,0,0,0,0,0
43894,AL062005,           FRANKLIN,20050723,1200,  , TS,29.2,75.4,60,1001,55,75,60,20,20,30,0,0,0,0,0,0
43895,AL062005,           FRANKLIN,20050723,1800,  , TS,29.7,74.7,60,1001,60,75,60,20,25,50,35,0,0,0,0,0
43896,AL062005,           FRANKLIN,20050724,0,  , TS,30.1,73.5,55,1001,45,75,60,20,0,50,25,0,0,0,0,0
43897,AL062005,           FRANKLIN,20050724,600,  , TS,30.3,72.6,55,1001,45,90,40,0,0,50,0,0,0,0,0,0
43898,AL062005,           FRANKLIN,20050724,1200,  , TS,30.7,71.9,45,1001,45,90,40,0,0,0,0,0,0,0,0,0
43899,AL062005,           FRANKLIN,20050724,1800,  , TS,31.1,71.2,45,1000,30,90,30,0,0,0,0,0,0,0,0,0
43900,AL062005,           FRANKLIN,20050725,0,  , TS,31.1,71.2,40,1000,30,105,20,0,0,0,0,0,0,0,0,0
43901,AL062005,           FRANKLIN,20050725,600,  , TS,31.0,70.5,40,1000,0,120,0,0,0,0,0,0,0,0,0,0
44063,AL122005,            KATRINA,20050823,1800,  , TD,23.1,75.1,30,1008,0,0,0,0,0,0,0,0,0,0,0,0
44064,AL122005,            KATRINA,20050824,0,  , TD,23.4,75.7,30,1007,0,0,0,0,0,0,0,0,0,0,0,0
44065,AL122005,            KATRINA,20050824,600,  , TD,23.8,76.2,30,1007,0,0,0,0,0,0,0,0,0,0,0,0
44066,AL122005,            KATRINA,20050824,1200,  , TS,24.5,76.5,35,1006,60,60,0,0,0,0,0,0,0,0,0,0
44067,AL122005,            KATRINA,20050824,1800,  , TS,25.4,76.9,40,1003,60,60,0,0,0,0,0,0,0,0,0,0
44068,AL122005,            KATRINA,20050825,0,  , TS,26.0,77.7,45,1000,60,60,0,0,0,0,0,0,0,0,0,0
44069,AL122005,            KATRINA,20050825,600,  , TS,26.1,78.4,50,997,60,60,0,0,15,0,0,0,0,0,0,0
44070,AL122005,            KATRINA,20050825,1200,  , TS,26.2,79.0,55,994,60,60,30,50,20,20,0,0,0,0,0,0
44071,AL122005,            KATRINA,20050825,1800,  , TS,26.2,79.6,60,988,70,70,50,60,25,25,20,20,0,0,0,0
44072,AL122005,            KATRINA,20050825,2230, L, HU,26.0,80.1,70,984,-999,-999,-999,-999,-999,-999,-999,-999,-999,-999,-999,-999
44073,AL122005,            KATRINA,20050826,0,  , HU,25.9,80.3,70,983,70,70,50,40,20,20,20,20,10,10,10,10
44074,AL122005,            KATRINA,20050826,600,  , HU,25.4,81.3,65,987,75,75,40,30,60,60,20,20,10,10,10,10
44075,AL122005,            KATRINA,20050826,1200,  , HU,25.1,82.0,75,979,75,75,45,25,60,60,25,20,20,20,10,10
44076,AL122005,            KATRINA,20050826,1800,  , HU,24.9,82.6,85,968,75,75,55,35,60,60,35,20,20,20,15,10
44077,AL122005,            KATRINA,20050827,0,  , HU,24.6,83.3,90,959,90,75,75,75,60,60,40,30,25,25,20,15
44078,AL122005,            KATRINA,20050827,600,  , HU,24.4,84.0,95,950,130,90,90,130,60,60,45,60,35,30,30,25
44079,AL122005,            KATRINA,20050827,1200,  , HU,24.4,84.7,100,942,130,90,90,130,60,60,45,60,35,30,30,25
44080,AL122005,            KATRINA,20050827,1800,  , HU,24.5,85.3,100,948,140,90,90,130,70,70,60,70,45,35,35,35
44081,AL122005,            KATRINA,20050828,0,  , HU,24.8,85.9,100,941,140,100,100,140,80,80,65,80,60,45,45,50
44082,AL122005,            KATRINA,20050828,600,  , HU,25.2,86.7,125,930,160,160,125,140,100,100,75,100,75,75,50,75
44083,AL122005,            KATRINA,20050828,1200,  , HU,25.7,87.7,145,909,180,180,125,140,120,120,75,100,90,90,50,75
44084,AL122005,            KATRINA,20050828,1800,  , HU,26.3,88.6,150,902,200,180,125,180,120,120,75,120,90,90,50,90
44085,AL122005,            KATRINA,20050829,0,  , HU,27.2,89.2,140,905,200,200,150,180,120,120,75,100,90,90,60,80
44086,AL122005,            KATRINA,20050829,600,  , HU,28.2,89.6,125,913,200,200,150,150,120,120,75,100,90,90,60,70
44087,AL122005,            KATRINA,20050829,1110, L, HU,29.3,89.6,110,920,-999,-999,-999,-999,-999,-999,-999,-999,-999,-999,-999,-999
44088,AL122005,            KATRINA,20050829,1200,  , HU,29.5,89.6,110,923,200,200,150,100,120,120,75,75,90,90,60,60
44089,AL122005,            KATRINA,20050829,1445, L, HU,30.2,89.6,105,928,-999,-999,-999,-999,-999,-999,-999,-999,-999,-999,-999,-999
44090,AL122005,            KATRINA,20050829,1800,  , HU,31.1,89.6,80,948,100,180,100,100,75,100,75,75,50,50,30,30
44203,AL162005,            OPHELIA,20050906,600,  , TD,25.8,78.6,25,1009,0,0,0,0,0,0,0,0,0,0,0,0
44204,AL162005,            OPHELIA,20050906,1200,  , TD,26.3,78.3,25,1010,0,0,0,0,0,0,0,0,0,0,0,0
44205,AL162005,            OPHELIA,20050906,1600, L, TD,26.6,78.3,25,1010,0,0,0,0,0,0,0,0,0,0,0,0
44206,AL162005,            OPHELIA,20050906,1800,  , TD,26.8,78.3,25,1010,0,0,0,0,0,0,0,0,0,0,0,0
44207,AL162005,            OPHELIA,20050907,0,  , TD,27.4,78.5,30,1006,0,0,0,0,0,0,0,0,0,0,0,0
44208,AL162005,            OPHELIA,20050907,600,  , TS,27.9,78.8,35,1003,60,0,0,60,0,0,0,0,0,0,0,0
44209,AL162005,            OPHELIA,20050907,1200,  , TS,28.7,79.2,40,1000,60,0,0,60,0,0,0,0,0,0,0,0
44210,AL162005,            OPHELIA,20050907,1800,  , TS,28.8,79.3,45,997,60,30,30,45,0,0,0,0,0,0,0,0
44211,AL162005,            OPHELIA,20050908,0,  , TS,28.8,79.3,45,994,60,30,30,45,0,0,0,0,0,0,0,0
44212,AL162005,            OPHELIA,20050908,600,  , TS,28.7,79.6,50,994,60,40,40,60,20,20,20,20,0,0,0,0
44213,AL162005,            OPHELIA,20050908,1200,  , TS,28.6,79.6,55,988,60,40,40,60,20,20,20,20,0,0,0,0
44214,AL162005,            OPHELIA,20050908,1800,  , TS,28.6,79.5,60,988,70,70,70,70,25,30,30,25,0,0,0,0
44215,AL162005,            OPHELIA,20050909,0,  , HU,28.6,79.3,65,990,60,60,60,60,30,30,25,25,20,20,0,0
44216,AL162005,            OPHELIA,20050909,600,  , TS,28.9,79.3,55,990,60,60,60,50,25,25,25,25,0,0,0,0
44217,AL162005,            OPHELIA,20050909,1200,  , TS,29.3,79.1,55,983,60,60,60,60,25,25,25,25,0,0,0,0
44218,AL162005,            OPHELIA,20050909,1800,  , HU,29.8,78.5,65,983,65,65,65,75,30,35,35,30,0,25,25,0
44219,AL162005,            OPHELIA,20050910,0,  , TS,30.2,77.5,60,983,65,75,65,75,35,35,35,35,0,0,0,0
44220,AL162005,            OPHELIA,20050910,600,  , TS,30.9,76.9,60,984,90,90,65,90,50,50,35,35,0,0,0,0
44226,AL162005,            OPHELIA,20050911,1800,  , HU,31.4,75.9,65,978,130,140,100,140,50,70,45,70,25,25,15,25
44227,AL162005,            OPHELIA,20050912,0,  , TS,31.2,76.2,60,980,130,140,110,140,50,70,50,70,0,0,0,0
44228,AL162005,            OPHELIA,20050912,600,  , TS,31.2,76.6,60,985,130,140,110,140,50,70,50,70,0,0,0,0
44305,AL182005,               RITA,20050919,600,  , TS,22.6,73.8,50,999,100,50,0,90,40,0,0,40,0,0,0,0
44306,AL182005,               RITA,20050919,1200,  , TS,22.8,74.7,55,997,120,50,50,90,40,0,0,40,0,0,0,0
44307,AL182005,               RITA,20050919,1800,  , TS,23.1,75.9,60,994,110,60,60,90,40,30,20,40,0,0,0,0
44308,AL182005,               RITA,20050920,0,  , TS,23.3,77.2,60,992,105,60,60,105,45,30,20,45,0,0,0,0
44309,AL182005,               RITA,20050920,600,  , TS,23.5,78.8,60,990,105,60,60,105,45,45,20,45,0,0,0,0
44310,AL182005,               RITA,20050920,1200,  , HU,23.7,80.3,70,985,110,75,60,105,45,45,20,45,25,25,0,0
44311,AL182005,               RITA,20050920,1800,  , HU,23.9,81.6,85,975,120,100,60,105,60,45,40,45,40,25,20,40
44312,AL182005,               RITA,20050921,0,  , HU,24.1,82.7,95,967,120,100,60,105,60,45,40,45,40,25,20,40
44313,AL182005,               RITA,20050921,600,  , HU,24.2,84.0,110,955,120,100,60,105,60,45,40,60,40,30,25,40
44314,AL182005,               RITA,20050921,1200,  , HU,24.2,85.2,120,941,135,115,80,125,75,50,40,60,50,40,30,40
44315,AL182005,               RITA,20050921,1800,  , HU,24.3,86.2,145,920,150,125,100,150,90,60,50,75,60,50,40,50
44316,AL182005,               RITA,20050922,0,  , HU,24.5,86.9,150,897,160,140,100,160,90,80,60,90,60,60,40,50
44317,AL182005,               RITA,20050922,300, I, HU,24.7,87.3,155,895,-999,-999,-999,-999,-999,-999,-999,-999,-999,-999,-999,-999
44318,AL182005,               RITA,20050922,600,  , HU,24.8,87.6,155,897,160,140,100,160,100,80,60,90,60,60,40,50
44319,AL182005,               RITA,20050922,1200,  , HU,25.2,88.3,140,908,160,140,100,160,100,80,60,90,75,75,40,75
44320,AL182005,               RITA,20050922,1800,  , HU,25.6,89.1,125,913,180,140,100,140,120,90,50,80,70,60,40,50
44321,AL182005,               RITA,20050923,0,  , HU,26.0,89.9,120,915,180,150,100,140,120,100,50,80,70,60,40,50
44322,AL182005,               RITA,20050923,600,  , HU,26.5,90.7,115,924,180,150,120,140,120,100,80,100,75,60,40,50
44323,AL182005,               RITA,20050923,1200,  , HU,27.1,91.5,115,927,180,150,120,160,120,100,80,120,75,60,40,60
44324,AL182005,               RITA,20050923,1800,  , HU,27.8,92.3,110,930,180,150,120,160,120,100,80,120,75,60,40,60
44325,AL182005,               RITA,20050924,0,  , HU,28.6,93.0,105,931,180,160,120,120,120,100,80,90,75,60,40,60
44369,AL222005,              TAMMY,20051005,600,  , TS,27.3,79.7,35,1006,140,100,0,0,0,0,0,0,0,0,0,0
44370,AL222005,              TAMMY,20051005,1200,  , TS,28.3,80.2,40,1004,180,150,0,100,0,0,0,0,0,0,0,0
44371,AL222005,              TAMMY,20051005,1800,  , TS,29.5,80.9,45,1001,230,190,0,75,0,0,0,0,0,0,0,0
44372,AL222005,              TAMMY,20051005,2300, L, TS,30.4,81.4,45,1002,-999,-999,-999,-999,-999,-999,-999,-999,-999,-999,-999,-999
44373,AL222005,              TAMMY,20051006,0,  , TS,30.5,81.6,45,1002,230,0,0,0,0,0,0,0,0,0,0,0
44374,AL222005,              TAMMY,20051006,600,  , TS,31.3,82.8,35,1005,230,0,0,0,0,0,0,0,0,0,0,0
44376,AL222005,              TAMMY,20051006,1800,  , TD,31.2,85.8,15,1006,0,0,0,0,0,0,0,0,0,0,0,0
44377,AL222005,              TAMMY,20051007,0,  , LO,30.3,85.6,10,1005,0,0,0,0,0,0,0,0,0,0,0,0
44454,AL252005,              WILMA,20051023,1800,  , HU,23.1,85.4,90,963,200,200,150,150,125,125,90,90,65,75,50,50
44455,AL252005,              WILMA,20051024,0,  , HU,24.0,84.3,95,958,200,200,150,150,125,125,90,90,65,75,50,50
44456,AL252005,              WILMA,20051024,600,  , HU,25.0,83.1,110,953,200,200,175,150,125,125,100,90,75,80,75,50
44457,AL252005,              WILMA,20051024,1030, L, HU,25.9,81.7,105,950,-999,-999,-999,-999,-999,-999,-999,-999,-999,-999,-999,-999
44458,AL252005,              WILMA,20051024,1200,  , HU,26.2,81.0,95,950,200,225,200,150,125,150,100,90,75,90,75,40
44459,AL252005,              WILMA,20051024,1800,  , HU,28.0,78.8,105,955,200,225,200,150,125,150,100,90,75,90,75,40
44460,AL252005,              WILMA,20051025,0,  , HU,30.1,76.0,110,955,200,225,250,150,125,150,100,90,75,90,75,40
44476,AL262005,              ALPHA,20051024,600,  , TD,23.5,73.0,30,1004,0,0,0,0,0,0,0,0,0,0,0,0
44477,AL262005,              ALPHA,20051024,1200,  , TD,25.1,72.4,30,1004,0,0,0,0,0,0,0,0,0,0,0,0
44478,AL262005,              ALPHA,20051024,1800,  , TD,27.9,70.8,30,1004,0,0,0,0,0,0,0,0,0,0,0,0
44627,AL012006,            ALBERTO,20060611,600,  , TS,23.1,87.1,35,1003,100,75,0,0,0,0,0,0,0,0,0,0
44628,AL012006,            ALBERTO,20060611,1200,  , TS,23.6,87.8,40,1002,150,150,0,0,0,0,0,0,0,0,0,0
44629,AL012006,            ALBERTO,20060611,1800,  , TS,24.3,87.8,40,1004,200,150,0,0,0,0,0,0,0,0,0,0
44630,AL012006,            ALBERTO,20060612,0,  , TS,25.0,87.8,40,1004,200,150,0,0,0,0,0,0,0,0,0,0
44631,AL012006,            ALBERTO,20060612,600,  , TS,25.8,87.4,45,1004,200,150,0,0,0,0,0,0,0,0,0,0
44632,AL012006,            ALBERTO,20060612,1200,  , TS,26.8,86.3,60,1000,200,150,0,0,125,100,0,0,0,0,0,0
44633,AL012006,            ALBERTO,20060612,1800,  , TS,27.5,85.4,60,997,200,150,0,60,125,100,0,30,0,0,0,0
44634,AL012006,            ALBERTO,20060613,0,  , TS,28.0,85.0,60,995,140,140,0,60,60,60,0,30,0,0,0,0
44635,AL012006,            ALBERTO,20060613,600,  , TS,28.8,84.4,55,995,90,150,30,60,30,50,0,30,0,0,0,0
44636,AL012006,            ALBERTO,20060613,1200,  , TS,29.5,84.1,45,996,60,100,60,60,0,0,0,0,0,0,0,0
44637,AL012006,            ALBERTO,20060613,1630, L, TS,29.9,83.7,40,998,-999,-999,-999,-999,-999,-999,-999,-999,-999,-999,-999,-999
44638,AL012006,            ALBERTO,20060613,1800,  , TS,30.3,83.5,35,997,150,0,0,0,0,0,0,0,0,0,0,0
44639,AL012006,            ALBERTO,20060614,0,  , TS,31.3,82.8,35,1001,130,0,0,0,0,0,0,0,0,0,0,0
44713,AL042006,              CHRIS,20060806,600,  , LO,22.8,80.2,20,1013,0,0,0,0,0,0,0,0,0,0,0,0
44714,AL042006,              CHRIS,20060806,1200,  , LO,23.2,81.7,15,1013,0,0,0,0,0,0,0,0,0,0,0,0
44761,AL062006,            ERNESTO,20060829,1200,  , TS,23.2,79.3,40,1006,75,0,0,40,0,0,0,0,0,0,0,0
44762,AL062006,            ERNESTO,20060829,1800,  , TS,23.9,79.9,40,1005,90,60,0,40,0,0,0,0,0,0,0,0
44763,AL062006,            ERNESTO,20060830,0,  , TS,24.7,80.4,40,1004,90,60,25,25,0,0,0,0,0,0,0,0
44764,AL062006,            ERNESTO,20060830,300, L, TS,24.9,80.6,40,1003,-999,-999,-999,-999,-999,-999,-999,-999,-999,-999,-999,-999
44765,AL062006,            ERNESTO,20060830,500, L, TS,25.2,80.7,40,1003,-999,-999,-999,-999,-999,-999,-999,-999,-999,-999,-999,-999
44766,AL062006,            ERNESTO,20060830,600,  , TS,25.3,80.8,40,1003,90,60,25,25,0,0,0,0,0,0,0,0
44767,AL062006,            ERNESTO,20060830,1200,  , TS,26.1,81.0,35,1002,60,60,0,0,0,0,0,0,0,0,0,0
44768,AL062006,            ERNESTO,20060830,1800,  , TS,27.0,80.9,35,1001,20,20,0,0,0,0,0,0,0,0,0,0
44769,AL062006,            ERNESTO,20060831,0,  , TS,28.1,80.7,35,1000,0,50,0,0,0,0,0,0,0,0,0,0
44770,AL062006,            ERNESTO,20060831,600,  , TS,29.4,80.4,45,999,0,75,40,0,0,0,0,0,0,0,0,0
44771,AL062006,            ERNESTO,20060831,1200,  , TS,30.6,79.9,55,995,50,75,40,0,0,25,20,0,0,0,0,0
45027,AL012007,             ANDREA,20070508,0,  , EX,31.0,74.9,55,1000,480,0,280,300,320,0,175,240,0,0,0,0
45028,AL012007,             ANDREA,20070508,600,  , EX,30.7,76.0,50,1001,300,180,150,240,150,0,0,180,0,0,0,0
45029,AL012007,             ANDREA,20070508,1200,  , EX,30.4,77.2,50,1001,200,180,150,240,120,0,0,120,0,0,0,0
45030,AL012007,             ANDREA,20070508,1800,  , EX,30.4,77.9,50,1001,150,120,120,150,120,0,0,120,0,0,0,0
45031,AL012007,             ANDREA,20070509,0,  , EX,30.6,78.3,50,1001,150,120,110,140,75,0,0,75,0,0,0,0
45032,AL012007,             ANDREA,20070509,600,  , SS,30.8,78.7,50,1001,175,120,110,120,75,0,0,75,0,0,0,0
45033,AL012007,             ANDREA,20070509,1200,  , SS,30.9,79.2,45,1003,120,100,90,60,0,0,0,0,0,0,0,0
45034,AL012007,             ANDREA,20070509,1800,  , SS,30.9,79.6,40,1003,100,100,0,0,0,0,0,0,0,0,0,0
45035,AL012007,             ANDREA,20070510,0,  , SS,30.7,79.8,40,1003,90,90,0,0,0,0,0,0,0,0,0,0
45036,AL012007,             ANDREA,20070510,600,  , SS,30.5,79.9,35,1003,90,90,0,0,0,0,0,0,0,0,0,0
45037,AL012007,             ANDREA,20070510,1200,  , SD,30.1,79.9,30,1003,0,0,0,0,0,0,0,0,0,0,0,0
45038,AL012007,             ANDREA,20070510,1800,  , SD,29.7,79.8,30,1003,0,0,0,0,0,0,0,0,0,0,0,0
45039,AL012007,             ANDREA,20070511,0,  , SD,29.4,79.8,30,1004,0,0,0,0,0,0,0,0,0,0,0,0
45040,AL012007,             ANDREA,20070511,600,  , LO,29.1,79.8,30,1004,0,0,0,0,0,0,0,0,0,0,0,0
45041,AL012007,             ANDREA,20070511,1200,  , LO,28.8,79.7,25,1005,0,0,0,0,0,0,0,0,0,0,0,0
45042,AL012007,             ANDREA,20070511,1800,  , LO,28.5,79.5,25,1005,0,0,0,0,0,0,0,0,0,0,0,0
45043,AL012007,             ANDREA,20070512,0,  , LO,28.5,79.1,25,1006,0,0,0,0,0,0,0,0,0,0,0,0
45044,AL012007,             ANDREA,20070512,600,  , LO,28.8,78.8,25,1006,0,0,0,0,0,0,0,0,0,0,0,0
45045,AL012007,             ANDREA,20070512,1200,  , LO,29.1,78.5,25,1006,0,0,0,0,0,0,0,0,0,0,0,0
45046,AL012007,             ANDREA,20070512,1800,  , LO,29.4,78.0,25,1006,0,0,0,0,0,0,0,0,0,0,0,0
45047,AL012007,             ANDREA,20070513,0,  , LO,29.7,77.2,25,1006,0,0,0,0,0,0,0,0,0,0,0,0
45048,AL012007,             ANDREA,20070513,600,  , LO,30.1,76.0,25,1006,0,0,0,0,0,0,0,0,0,0,0,0
45049,AL012007,             ANDREA,20070513,1200,  , LO,30.8,74.2,25,1007,0,0,0,0,0,0,0,0,0,0,0,0
45050,AL012007,             ANDREA,20070513,1800,  , LO,31.4,71.9,25,1007,0,0,0,0,0,0,0,0,0,0,0,0
45059,AL022007,              BARRY,20070601,1800,  , TS,23.6,85.7,40,1000,80,40,30,30,0,0,0,0,0,0,0,0
45060,AL022007,              BARRY,20070602,0,  , TS,24.3,85.2,50,997,80,40,30,50,20,0,0,20,0,0,0,0
45061,AL022007,              BARRY,20070602,600,  , TS,25.1,84.6,45,998,80,40,30,80,0,0,0,0,0,0,0,0
45062,AL022007,              BARRY,20070602,1200,  , TS,27.0,83.2,40,1000,80,40,30,80,0,0,0,0,0,0,0,0
45063,AL022007,              BARRY,20070602,1400, L, TD,27.5,82.7,30,1000,0,0,0,0,0,0,0,0,0,0,0,0
45064,AL022007,              BARRY,20070602,1800,  , TD,29.7,82.1,30,1001,0,0,0,0,0,0,0,0,0,0,0,0
45065,AL022007,              BARRY,20070603,0,  , EX,31.4,81.4,35,997,120,0,0,0,0,0,0,0,0,0,0,0
45141,AL052007,               ERIN,20070815,0,  , TD,23.7,90.7,25,1006,0,0,0,0,0,0,0,0,0,0,0,0
45142,AL052007,               ERIN,20070815,600,  , TD,24.5,91.8,25,1006,0,0,0,0,0,0,0,0,0,0,0,0
45143,AL052007,               ERIN,20070815,1200,  , TD,25.2,92.9,30,1005,0,0,0,0,0,0,0,0,0,0,0,0
45190,AL072007,          GABRIELLE,20070908,0,  , SS,30.1,71.8,40,1011,125,0,0,125,0,0,0,0,0,0,0,0
45191,AL072007,          GABRIELLE,20070908,600,  , SS,30.5,72.8,40,1010,100,0,0,100,0,0,0,0,0,0,0,0
45192,AL072007,          GABRIELLE,20070908,1200,  , SS,31.1,73.8,35,1010,100,0,0,100,0,0,0,0,0,0,0,0
45238,AL092007,           HUMBERTO,20070913,1800,  , TS,31.0,92.9,35,1000,25,25,20,0,0,0,0,0,0,0,0,0
45242,AL102007,                TEN,20070921,1200,  , SD,29.1,85.4,30,1005,0,0,0,0,0,0,0,0,0,0,0,0
45243,AL102007,                TEN,20070921,1800,  , TD,29.7,86.1,30,1005,0,0,0,0,0,0,0,0,0,0,0,0
45244,AL102007,                TEN,20070922,0, L, TD,30.4,86.7,25,1006,0,0,0,0,0,0,0,0,0,0,0,0
45245,AL102007,                TEN,20070922,600,  , LO,30.7,87.7,20,1007,0,0,0,0,0,0,0,0,0,0,0,0
45376,AL162007,               NOEL,20071031,1800,  , TS,22.6,78.8,45,995,100,100,0,100,0,0,0,0,0,0,0,0
45377,AL162007,               NOEL,20071101,0,  , TS,22.9,78.6,50,995,125,100,0,115,50,50,0,0,0,0,0,0
45378,AL162007,               NOEL,20071101,600,  , TS,23.4,78.3,50,993,125,100,0,115,50,50,0,0,0,0,0,0
45379,AL162007,               NOEL,20071101,1200,  , TS,23.9,78.0,50,993,150,100,0,100,50,50,0,0,0,0,0,0
45380,AL162007,               NOEL,20071101,1315, L, TS,24.1,77.9,50,993,-999,-999,-999,-999,-999,-999,-999,-999,-999,-999,-999,-999
45381,AL162007,               NOEL,20071101,1745, L, TS,25.0,77.4,55,992,-999,-999,-999,-999,-999,-999,-999,-999,-999,-999,-999,-999
45382,AL162007,               NOEL,20071101,1800,  , TS,25.1,77.3,55,992,175,125,30,100,75,60,0,0,0,0,0,0
45383,AL162007,               NOEL,20071102,0,  , HU,26.4,76.5,70,981,200,175,60,100,75,60,0,0,40,0,0,0
45384,AL162007,               NOEL,20071102,600,  , HU,27.7,75.6,70,981,250,250,75,120,90,90,35,40,40,0,25,25
45385,AL162007,               NOEL,20071102,1200,  , HU,28.7,74.4,70,981,250,270,75,150,100,100,50,100,60,30,30,60
45386,AL162007,               NOEL,20071102,1800,  , HU,30.3,73.3,70,980,300,270,90,150,100,100,60,100,0,30,30,60
45422,AL172007,               OLGA,20071215,1800,  , LO,23.3,88.2,30,1007,0,0,0,0,0,0,0,0,0,0,0,0
45423,AL172007,               OLGA,20071216,0,  , LO,25.0,87.2,30,1005,0,0,0,0,0,0,0,0,0,0,0,0
45424,AL172007,               OLGA,20071216,600,  , LO,26.3,85.2,25,1006,0,0,0,0,0,0,0,0,0,0,0,0
45533,AL042008,              DOLLY,20080721,1800,  , TS,22.8,90.4,45,1005,150,120,0,120,0,0,0,0,0,0,0,0
45534,AL042008,              DOLLY,20080722,0,  , TS,23.0,92.0,45,1000,150,120,30,120,0,0,0,0,0,0,0,0
45535,AL042008,              DOLLY,20080722,600,  , TS,23.2,93.3,45,999,140,120,30,120,0,0,0,0,0,0,0,0
45558,AL052008,            EDOUARD,20080803,1200,  , TD,28.1,87.4,25,1010,0,0,0,0,0,0,0,0,0,0,0,0
45559,AL052008,            EDOUARD,20080803,1800,  , TD,28.1,87.8,30,1009,0,0,0,0,0,0,0,0,0,0,0,0
45560,AL052008,            EDOUARD,20080804,0,  , TS,28.1,88.5,45,1002,20,30,0,0,0,0,0,0,0,0,0,0
45561,AL052008,            EDOUARD,20080804,600,  , TS,28.1,89.6,40,1005,30,0,0,0,0,0,0,0,0,0,0,0
45562,AL052008,            EDOUARD,20080804,1200,  , TS,28.1,90.3,40,1002,30,0,0,0,0,0,0,0,0,0,0,0
45563,AL052008,            EDOUARD,20080804,1800,  , TS,28.3,91.0,40,1001,60,60,0,60,0,0,0,0,0,0,0,0
45564,AL052008,            EDOUARD,20080805,0,  , TS,28.5,91.7,50,999,60,60,45,60,30,0,0,0,0,0,0,0
45565,AL052008,            EDOUARD,20080805,600,  , TS,29.0,92.9,55,997,60,60,45,60,30,0,0,0,0,0,0,0
45588,AL062008,                FAY,20080818,1200,  , TS,23.2,81.2,50,1002,100,90,0,0,65,0,0,0,0,0,0,0
45589,AL062008,                FAY,20080818,1800,  , TS,24.3,81.7,50,1000,110,90,30,30,60,0,0,0,0,0,0,0
45590,AL062008,                FAY,20080818,2030, L, TS,24.5,81.8,50,998,-999,-999,-999,-999,-999,-999,-999,-999,-999,-999,-999,-999
45591,AL062008,                FAY,20080819,0,  , TS,25.0,81.9,50,997,110,90,30,30,60,0,0,0,0,0,0,0
45592,AL062008,                FAY,20080819,600,  , TS,25.5,81.8,55,994,110,90,30,30,60,60,15,0,0,0,0,0
45593,AL062008,                FAY,20080819,845, L, TS,25.9,81.6,55,991,-999,-999,-999,-999,-999,-999,-999,-999,-999,-999,-999,-999
45594,AL062008,                FAY,20080819,1200,  , TS,26.4,81.4,55,988,100,90,30,30,30,30,0,0,0,0,0,0
45595,AL062008,                FAY,20080819,1800,  , TS,27.0,81.1,60,986,120,150,30,30,20,20,0,0,0,0,0,0
45596,AL062008,                FAY,20080820,0,  , TS,27.5,80.9,55,988,120,120,30,30,20,20,0,0,0,0,0,0
45597,AL062008,                FAY,20080820,600,  , TS,28.0,80.6,50,992,120,100,30,40,20,20,0,0,0,0,0,0
45598,AL062008,                FAY,20080820,1200,  , TS,28.4,80.6,45,994,100,90,0,0,0,0,0,0,0,0,0,0
45599,AL062008,                FAY,20080820,1800,  , TS,28.7,80.6,45,997,120,100,0,30,0,0,0,0,0,0,0,0
45600,AL062008,                FAY,20080821,0,  , TS,28.9,80.5,50,993,130,100,40,100,40,40,0,0,0,0,0,0
45601,AL062008,                FAY,20080821,600,  , TS,29.1,80.7,50,993,130,100,40,100,60,40,0,0,0,0,0,0
45602,AL062008,                FAY,20080821,1200,  , TS,29.2,80.7,50,993,130,100,40,100,60,40,0,0,0,0,0,0
45603,AL062008,                FAY,20080821,1800,  , TS,29.3,81.0,55,993,130,100,40,100,60,40,0,0,0,0,0,0
45604,AL062008,                FAY,20080821,1900, L, TS,29.3,81.1,55,993,-999,-999,-999,-999,-999,-999,-999,-999,-999,-999,-999,-999
45605,AL062008,                FAY,20080822,0,  , TS,29.3,81.2,50,994,150,130,50,100,50,40,0,0,0,0,0,0
45606,AL062008,                FAY,20080822,600,  , TS,29.5,81.9,50,995,150,120,0,0,40,30,0,0,0,0,0,0
45607,AL062008,                FAY,20080822,1200,  , TS,29.6,82.4,45,996,120,100,0,0,0,0,0,0,0,0,0,0
45608,AL062008,                FAY,20080822,1800,  , TS,29.8,83.0,40,997,120,100,40,0,0,0,0,0,0,0,0,0
45609,AL062008,                FAY,20080823,0,  , TS,29.7,83.8,45,996,0,80,80,0,0,0,0,0,0,0,0,0
45610,AL062008,                FAY,20080823,600,  , TS,29.8,84.7,45,997,0,80,80,0,0,0,0,0,0,0,0,0
45611,AL062008,                FAY,20080823,615, L, TS,29.8,84.7,45,997,-999,-999,-999,-999,-999,-999,-999,-999,-999,-999,-999,-999
45612,AL062008,                FAY,20080823,1200,  , TS,30.0,85.2,40,998,0,80,80,0,0,0,0,0,0,0,0,0
45613,AL062008,                FAY,20080823,1800,  , TS,30.5,85.9,40,999,0,80,30,0,0,0,0,0,0,0,0,0
45614,AL062008,                FAY,20080824,0,  , TD,30.8,86.7,30,999,0,0,0,0,0,0,0,0,0,0,0,0
45615,AL062008,                FAY,20080824,600,  , TD,31.1,87.7,30,999,0,0,0,0,0,0,0,0,0,0,0,0
45618,AL062008,                FAY,20080825,0,  , TD,31.3,90.0,30,1001,0,0,0,0,0,0,0,0,0,0,0,0
45658,AL072008,             GUSTAV,20080831,0,  , HU,22.7,83.5,120,950,160,120,100,135,100,90,60,75,60,40,30,35
45659,AL072008,             GUSTAV,20080831,600,  , HU,23.6,84.4,105,960,175,135,120,135,120,75,60,75,45,30,30,30
45660,AL072008,             GUSTAV,20080831,1200,  , HU,24.8,85.5,100,961,190,150,120,150,120,90,60,90,45,30,25,30
45661,AL072008,             GUSTAV,20080831,1800,  , HU,25.9,86.7,95,960,200,175,130,165,120,90,60,90,60,40,25,40
45662,AL072008,             GUSTAV,20080901,0,  , HU,26.9,87.7,95,953,200,180,140,180,130,90,60,120,70,40,30,60
45663,AL072008,             GUSTAV,20080901,600,  , HU,27.9,89.0,95,954,220,200,140,160,130,100,60,100,70,40,30,50
45664,AL072008,             GUSTAV,20080901,1200,  , HU,28.8,90.3,95,955,200,200,140,150,130,100,60,90,70,50,40,40
45665,AL072008,             GUSTAV,20080901,1500, L, HU,29.2,90.7,90,954,175,175,140,135,130,100,70,75,35,50,40,30
45666,AL072008,             GUSTAV,20080901,1800,  , HU,29.8,91.4,85,958,150,160,140,75,45,75,70,50,25,30,30,25
45667,AL072008,             GUSTAV,20080902,0,  , TS,30.7,92.3,60,971,100,100,75,60,35,35,0,35,0,0,0,0
45668,AL072008,             GUSTAV,20080902,600,  , TS,31.4,93.1,40,981,60,40,0,40,0,0,0,0,0,0,0,0
45697,AL082008,              HANNA,20080831,1800,  , TS,23.6,71.0,40,997,100,100,75,100,0,0,0,0,0,0,0,0
45698,AL082008,              HANNA,20080901,0,  , TS,23.5,71.7,45,997,100,100,75,100,0,0,0,0,0,0,0,0
45699,AL082008,              HANNA,20080901,600,  , TS,23.2,72.0,50,996,120,120,75,100,60,60,40,50,0,0,0,0
45700,AL082008,              HANNA,20080901,1200,  , TS,22.8,72.2,60,990,120,140,75,100,60,60,40,50,0,0,0,0
45711,AL082008,              HANNA,20080904,0,  , TS,22.7,71.8,55,989,250,200,30,230,85,0,0,75,0,0,0,0
45712,AL082008,              HANNA,20080904,600,  , TS,23.4,72.4,60,990,250,200,30,230,90,0,0,90,0,0,0,0
45713,AL082008,              HANNA,20080904,1200,  , TS,24.1,73.2,55,989,275,200,30,230,90,0,0,90,0,0,0,0
45714,AL082008,              HANNA,20080904,1800,  , TS,25.1,74.3,55,989,275,225,30,200,90,0,0,90,0,0,0,0
45715,AL082008,              HANNA,20080905,0,  , TS,26.1,75.8,55,987,275,225,60,150,90,0,20,90,0,0,0,0
45716,AL082008,              HANNA,20080905,600,  , TS,27.2,77.3,55,984,275,225,60,120,90,0,20,90,0,0,0,0
45717,AL082008,              HANNA,20080905,1200,  , TS,28.2,78.5,55,980,250,225,75,120,90,90,20,90,0,0,0,0
45718,AL082008,              HANNA,20080905,1800,  , TS,29.9,78.7,60,980,250,200,75,120,90,90,20,50,0,0,0,0
45767,AL092008,                IKE,20080909,1400, L, HU,22.6,82.9,70,965,155,155,100,170,90,75,30,90,30,0,0,30
45768,AL092008,                IKE,20080909,1800,  , HU,22.7,83.3,65,966,155,150,105,170,100,75,30,90,20,0,0,30
45769,AL092008,                IKE,20080910,0,  , HU,23.1,84.0,65,968,160,150,110,180,100,75,30,90,30,0,0,20
45770,AL092008,                IKE,20080910,600,  , HU,23.4,84.6,70,964,170,150,115,180,110,75,45,90,45,0,0,20
45771,AL092008,                IKE,20080910,1200,  , HU,23.8,85.2,80,959,180,155,120,180,120,80,60,100,75,20,15,45
45772,AL092008,                IKE,20080910,1800,  , HU,24.2,85.8,85,958,195,160,120,180,130,90,75,110,90,40,30,60
45773,AL092008,                IKE,20080911,0,  , HU,24.7,86.4,85,944,210,170,120,180,140,105,90,125,100,60,30,75
45774,AL092008,                IKE,20080911,600,  , HU,25.1,87.1,85,945,220,190,130,180,150,120,90,140,100,75,30,75
45775,AL092008,                IKE,20080911,1200,  , HU,25.5,88.0,85,946,230,240,150,180,150,135,90,140,100,75,30,60
45776,AL092008,                IKE,20080911,1800,  , HU,25.8,88.9,85,952,240,240,150,180,150,150,90,140,100,75,30,60
45777,AL092008,                IKE,20080912,0,  , HU,26.1,90.0,85,954,240,230,150,180,150,150,100,140,100,75,60,60
45778,AL092008,                IKE,20080912,600,  , HU,26.4,91.1,90,954,240,215,150,180,150,150,100,140,105,75,60,60
45779,AL092008,                IKE,20080912,1200,  , HU,26.9,92.2,95,954,240,210,150,180,150,150,100,140,105,75,60,60
45780,AL092008,                IKE,20080912,1800,  , HU,27.5,93.2,95,954,240,205,150,175,150,150,90,105,105,90,60,75
45976,AL172008,             PALOMA,20081113,600,  , LO,22.8,83.8,20,1010,0,0,0,0,0,0,0,0,0,0,0,0
45977,AL172008,             PALOMA,20081113,1200,  , LO,23.8,84.7,20,1010,0,0,0,0,0,0,0,0,0,0,0,0
45978,AL172008,             PALOMA,20081113,1800,  , LO,25.0,85.5,20,1010,0,0,0,0,0,0,0,0,0,0,0,0
45979,AL172008,             PALOMA,20081114,0,  , LO,26.8,85.9,20,1010,0,0,0,0,0,0,0,0,0,0,0,0
45980,AL172008,             PALOMA,20081114,600,  , LO,28.9,85.6,20,1010,0,0,0,0,0,0,0,0,0,0,0,0
45981,AL012009,                ONE,20090526,1800,  , LO,30.6,75.4,25,1010,0,0,0,0,0,0,0,0,0,0,0,0
46068,AL042009,          CLAUDETTE,20090816,600,  , TD,27.0,83.4,30,1011,0,0,0,0,0,0,0,0,0,0,0,0
46069,AL042009,          CLAUDETTE,20090816,1200,  , TS,28.2,84.2,35,1010,40,40,0,0,0,0,0,0,0,0,0,0
46070,AL042009,          CLAUDETTE,20090816,1800,  , TS,29.1,85.1,50,1008,60,60,15,30,0,30,0,0,0,0,0,0
46071,AL042009,          CLAUDETTE,20090817,0,  , TS,29.8,85.8,45,1005,40,60,15,30,0,0,0,0,0,0,0,0
46072,AL042009,          CLAUDETTE,20090817,530, L, TS,30.4,86.5,40,1005,-999,-999,-999,-999,-999,-999,-999,-999,-999,-999,-999,-999
46073,AL042009,          CLAUDETTE,20090817,600,  , TS,30.5,86.6,40,1005,35,80,0,0,0,0,0,0,0,0,0,0
46077,AL052009,              DANNY,20090826,1200,  , TS,24.6,70.1,40,1009,120,120,0,120,0,0,0,0,0,0,0,0
46078,AL052009,              DANNY,20090826,1800,  , TS,25.1,70.7,45,1009,150,120,0,120,0,0,0,0,0,0,0,0
46079,AL052009,              DANNY,20090827,0,  , TS,25.9,71.2,50,1006,150,120,0,135,120,0,0,0,0,0,0,0
46080,AL052009,              DANNY,20090827,600,  , TS,27.0,71.8,50,1006,180,120,0,135,120,0,0,0,0,0,0,0
46081,AL052009,              DANNY,20090827,1200,  , TS,27.4,72.7,50,1006,180,150,0,135,120,0,0,0,0,0,0,0
46082,AL052009,              DANNY,20090827,1800,  , TS,27.4,73.3,45,1008,180,150,0,120,0,0,0,0,0,0,0,0
46083,AL052009,              DANNY,20090828,0,  , TS,28.1,73.5,40,1008,180,150,0,90,0,0,0,0,0,0,0,0
46084,AL052009,              DANNY,20090828,600,  , TS,29.0,74.4,35,1008,150,150,0,0,0,0,0,0,0,0,0,0
46085,AL052009,              DANNY,20090828,1200,  , TS,29.7,75.4,35,1008,150,150,0,0,0,0,0,0,0,0,0,0
46086,AL052009,              DANNY,20090828,1800,  , TS,30.1,75.7,35,1007,0,150,0,0,0,0,0,0,0,0,0,0
46087,AL052009,              DANNY,20090829,0,  , TS,31.0,75.0,35,1006,0,150,0,0,0,0,0,0,0,0,0,0
46234,AL112009,                IDA,20091109,0,  , HU,23.0,86.5,90,979,150,100,45,90,60,30,30,30,30,15,15,15
46235,AL112009,                IDA,20091109,600,  , HU,24.4,87.5,80,988,175,100,45,90,60,30,30,30,30,15,15,15
46236,AL112009,                IDA,20091109,1200,  , TS,26.3,88.3,60,989,175,125,45,125,60,30,40,50,0,0,0,0
46237,AL112009,                IDA,20091109,1800,  , HU,27.9,88.6,65,990,175,125,75,125,60,0,50,50,0,0,20,0
46238,AL112009,                IDA,20091109,2100, W, HU,28.5,88.7,75,990,175,125,75,125,60,0,50,50,0,0,20,0
46239,AL112009,                IDA,20091110,0,  , TS,28.9,88.7,60,993,175,125,75,100,60,0,50,50,0,0,0,0
46240,AL112009,                IDA,20091110,600,  , TS,29.8,88.6,50,998,125,150,75,75,20,0,0,20,0,0,0,0
46241,AL112009,                IDA,20091110,900, S, EX,30.1,88.3,45,998,125,150,75,75,0,0,0,0,0,0,0,0
46242,AL112009,                IDA,20091110,1200,  , EX,30.3,88.0,35,999,30,60,60,30,0,0,0,0,0,0,0,0
46243,AL112009,                IDA,20091110,1800,  , EX,30.6,87.2,30,1002,0,0,0,0,0,0,0,0,0,0,0,0
46244,AL112009,                IDA,20091111,0,  , EX,30.6,86.3,25,1005,0,0,0,0,0,0,0,0,0,0,0,0
46245,AL112009,                IDA,20091111,600,  , EX,30.8,85.5,25,1006,0,0,0,0,0,0,0,0,0,0,0,0
46280,AL022010,                TWO,20100707,1800,  , LO,22.8,92.8,30,1006,0,0,0,0,0,0,0,0,0,0,0,0
46294,AL032010,             BONNIE,20100722,2315, L, TS,23.0,75.7,35,1006,30,0,0,0,0,0,0,0,0,0,0,0
46295,AL032010,             BONNIE,20100723,0,  , TS,23.1,75.9,35,1006,40,0,0,0,0,0,0,0,0,0,0,0
46296,AL032010,             BONNIE,20100723,515, L, TS,23.7,77.5,40,1005,70,0,0,40,0,0,0,0,0,0,0,0
46297,AL032010,             BONNIE,20100723,600,  , TS,23.8,77.8,40,1005,75,0,0,45,0,0,0,0,0,0,0,0
46298,AL032010,             BONNIE,20100723,1200,  , TS,24.8,79.7,35,1006,75,45,0,45,0,0,0,0,0,0,0,0
46299,AL032010,             BONNIE,20100723,1430, L, TS,25.4,80.2,35,1007,75,40,0,40,0,0,0,0,0,0,0,0
46300,AL032010,             BONNIE,20100723,1800,  , TD,25.8,81.1,30,1008,0,0,0,0,0,0,0,0,0,0,0,0
46301,AL032010,             BONNIE,20100724,0,  , TD,26.3,82.6,30,1010,0,0,0,0,0,0,0,0,0,0,0,0
46302,AL032010,             BONNIE,20100724,600,  , TD,26.7,84.4,30,1013,0,0,0,0,0,0,0,0,0,0,0,0
46303,AL032010,             BONNIE,20100724,1200,  , TD,27.5,85.9,25,1013,0,0,0,0,0,0,0,0,0,0,0,0
46304,AL032010,             BONNIE,20100724,1800,  , TD,28.1,87.1,25,1013,0,0,0,0,0,0,0,0,0,0,0,0
46305,AL032010,             BONNIE,20100725,0,  , LO,28.6,88.3,25,1012,0,0,0,0,0,0,0,0,0,0,0,0
46306,AL032010,             BONNIE,20100725,600,  , LO,29.2,89.5,25,1012,0,0,0,0,0,0,0,0,0,0,0,0
46307,AL032010,             BONNIE,20100725,1200,  , LO,29.8,90.5,20,1012,0,0,0,0,0,0,0,0,0,0,0,0
46308,AL032010,             BONNIE,20100725,1800,  , LO,30.1,91.0,15,1014,0,0,0,0,0,0,0,0,0,0,0,0
46334,AL052010,               FIVE,20100810,600,  , LO,25.7,83.0,25,1008,0,0,0,0,0,0,0,0,0,0,0,0
46335,AL052010,               FIVE,20100810,1200,  , LO,25.7,83.3,25,1008,0,0,0,0,0,0,0,0,0,0,0,0
46336,AL052010,               FIVE,20100810,1800,  , TD,25.9,83.7,30,1008,0,0,0,0,0,0,0,0,0,0,0,0
46337,AL052010,               FIVE,20100811,0,  , TD,26.1,84.1,30,1008,0,0,0,0,0,0,0,0,0,0,0,0
46338,AL052010,               FIVE,20100811,600,  , LO,26.5,85.0,30,1008,0,0,0,0,0,0,0,0,0,0,0,0
46339,AL052010,               FIVE,20100811,1200,  , LO,27.1,86.1,25,1008,0,0,0,0,0,0,0,0,0,0,0,0
46340,AL052010,               FIVE,20100811,1800,  , LO,28.0,87.5,25,1009,0,0,0,0,0,0,0,0,0,0,0,0
46341,AL052010,               FIVE,20100812,0,  , LO,29.0,88.4,25,1009,0,0,0,0,0,0,0,0,0,0,0,0
46342,AL052010,               FIVE,20100812,600,  , LO,29.4,88.8,25,1008,0,0,0,0,0,0,0,0,0,0,0,0
46343,AL052010,               FIVE,20100812,1200,  , LO,29.7,89.0,25,1008,0,0,0,0,0,0,0,0,0,0,0,0
46344,AL052010,               FIVE,20100812,1800,  , LO,29.8,89.0,25,1008,0,0,0,0,0,0,0,0,0,0,0,0
46345,AL052010,               FIVE,20100813,0,  , LO,30.0,88.9,25,1007,0,0,0,0,0,0,0,0,0,0,0,0
46346,AL052010,               FIVE,20100813,600,  , LO,30.4,88.8,25,1007,0,0,0,0,0,0,0,0,0,0,0,0
46347,AL052010,               FIVE,20100813,1200,  , LO,30.8,88.6,25,1008,0,0,0,0,0,0,0,0,0,0,0,0
46348,AL052010,               FIVE,20100813,1800,  , LO,31.4,88.0,25,1008,0,0,0,0,0,0,0,0,0,0,0,0
46357,AL052010,               FIVE,20100816,0,  , LO,30.8,85.3,20,1011,0,0,0,0,0,0,0,0,0,0,0,0
46358,AL052010,               FIVE,20100816,600,  , LO,30.0,85.6,20,1010,0,0,0,0,0,0,0,0,0,0,0,0
46359,AL052010,               FIVE,20100816,1200,  , LO,29.3,86.0,20,1009,0,0,0,0,0,0,0,0,0,0,0,0
46360,AL052010,               FIVE,20100816,1800,  , LO,29.3,86.8,25,1008,0,0,0,0,0,0,0,0,0,0,0,0
46361,AL052010,               FIVE,20100817,0,  , LO,29.6,87.7,25,1007,0,0,0,0,0,0,0,0,0,0,0,0
46362,AL052010,               FIVE,20100817,600,  , LO,30.0,88.6,25,1008,0,0,0,0,0,0,0,0,0,0,0,0
46363,AL052010,               FIVE,20100817,1200,  , LO,30.7,89.4,25,1008,0,0,0,0,0,0,0,0,0,0,0,0
46364,AL052010,               FIVE,20100817,1800,  , LO,31.3,90.3,20,1009,0,0,0,0,0,0,0,0,0,0,0,0
46450,AL072010,               EARL,20100901,600,  , HU,23.6,70.5,105,941,220,180,120,220,120,120,80,100,80,70,40,60
46451,AL072010,               EARL,20100901,1200,  , HU,24.7,71.6,110,942,220,180,120,220,120,120,80,100,80,70,40,60
46452,AL072010,               EARL,20100901,1800,  , HU,25.9,72.7,115,941,220,180,120,220,120,120,80,100,80,70,40,60
46453,AL072010,               EARL,20100902,0,  , HU,27.2,73.5,120,932,200,180,120,200,120,120,80,100,80,70,40,60
46454,AL072010,               EARL,20100902,600,  , HU,28.6,74.3,125,927,200,180,120,180,120,120,80,100,80,70,40,60
46455,AL072010,               EARL,20100902,1200,  , HU,30.1,74.8,115,935,200,180,120,180,120,120,80,100,80,70,40,50
46745,AL162010,             NICOLE,20100929,1800,  , LO,23.3,80.1,40,994,120,300,0,0,0,0,0,0,0,0,0,0
46746,AL162010,             NICOLE,20100930,0,  , LO,24.7,79.6,40,994,120,300,0,0,0,0,0,0,0,0,0,0
46747,AL162010,             NICOLE,20100930,600,  , EX,26.1,79.0,40,995,180,300,0,0,0,0,0,0,0,0,0,0
46748,AL162010,             NICOLE,20100930,1200,  , EX,27.4,78.5,40,996,180,300,0,0,0,0,0,0,0,0,0,0
46810,AL182010,              PAULA,20101014,1200,  , TS,22.6,84.5,60,999,45,45,45,40,20,20,20,15,0,0,0,0
46811,AL182010,              PAULA,20101014,1500, L, TS,22.7,83.9,55,1000,45,45,45,40,20,20,20,15,0,0,0,0
46812,AL182010,              PAULA,20101014,1800,  , TS,22.8,83.5,50,1001,60,30,30,40,45,15,0,0,0,0,0,0
46813,AL182010,              PAULA,20101015,0,  , TS,22.9,82.0,40,1004,60,20,20,30,0,0,0,0,0,0,0,0
46814,AL182010,              PAULA,20101015,600,  , TD,22.9,80.9,30,1008,0,0,0,0,0,0,0,0,0,0,0,0
46815,AL182010,              PAULA,20101015,1200,  , LO,22.9,79.9,25,1009,0,0,0,0,0,0,0,0,0,0,0,0
46816,AL182010,              PAULA,20101015,1800,  , LO,23.0,79.1,20,1009,0,0,0,0,0,0,0,0,0,0,0,0
46891,AL212010,              TOMAS,20101106,1200,  , TS,22.6,70.9,60,990,100,100,50,50,40,40,20,30,0,0,0,0
46892,AL212010,              TOMAS,20101106,1800,  , HU,23.8,70.3,65,988,100,100,75,75,40,40,20,30,20,20,0,0
46922,AL022011,               BRET,20110716,600,  , LO,30.7,79.7,20,1014,0,0,0,0,0,0,0,0,0,0,0,0
46923,AL022011,               BRET,20110716,1200,  , LO,30.3,79.4,20,1014,0,0,0,0,0,0,0,0,0,0,0,0
46924,AL022011,               BRET,20110716,1800,  , LO,29.8,79.1,20,1014,0,0,0,0,0,0,0,0,0,0,0,0
46925,AL022011,               BRET,20110717,0,  , LO,29.3,78.8,20,1014,0,0,0,0,0,0,0,0,0,0,0,0
46926,AL022011,               BRET,20110717,600,  , LO,28.8,78.5,20,1014,0,0,0,0,0,0,0,0,0,0,0,0
46927,AL022011,               BRET,20110717,1200,  , LO,28.3,78.3,25,1013,0,0,0,0,0,0,0,0,0,0,0,0
46928,AL022011,               BRET,20110717,1800,  , TD,27.8,78.2,30,1011,0,0,0,0,0,0,0,0,0,0,0,0
46929,AL022011,               BRET,20110718,0,  , TS,27.5,78.1,35,1008,30,30,0,30,0,0,0,0,0,0,0,0
46930,AL022011,               BRET,20110718,600,  , TS,27.1,78.0,40,1001,35,35,15,35,0,0,0,0,0,0,0,0
46931,AL022011,               BRET,20110718,1200,  , TS,27.4,77.5,45,999,40,40,25,40,0,0,0,0,0,0,0,0
46932,AL022011,               BRET,20110718,1800,  , TS,27.8,77.1,60,995,45,45,30,45,20,20,0,20,0,0,0,0
46933,AL022011,               BRET,20110719,0,  , TS,28.4,76.8,60,996,45,45,30,45,20,20,0,20,0,0,0,0
46934,AL022011,               BRET,20110719,600,  , TS,29.0,76.6,50,999,45,45,30,35,20,20,0,0,0,0,0,0
46935,AL022011,               BRET,20110719,1200,  , TS,29.5,76.2,45,999,50,45,30,35,0,0,0,0,0,0,0,0
46936,AL022011,               BRET,20110719,1800,  , TS,30.0,75.8,45,999,50,50,35,35,0,0,0,0,0,0,0,0
46937,AL022011,               BRET,20110720,0,  , TS,30.5,75.3,45,1000,55,55,45,35,0,0,0,0,0,0,0,0
46938,AL022011,               BRET,20110720,600,  , TS,30.9,74.7,45,1001,60,60,45,35,0,0,0,0,0,0,0,0
46939,AL022011,               BRET,20110720,1200,  , TS,31.4,74.1,45,1002,60,60,45,35,0,0,0,0,0,0,0,0
46968,AL042011,                DON,20110728,600,  , TS,22.9,88.4,35,1000,60,40,0,0,0,0,0,0,0,0,0,0
46969,AL042011,                DON,20110728,1200,  , TS,23.7,89.5,40,1001,60,40,0,0,0,0,0,0,0,0,0,0
46970,AL042011,                DON,20110728,1800,  , TS,24.2,90.7,40,1004,60,40,0,0,0,0,0,0,0,0,0,0
46971,AL042011,                DON,20110729,0,  , TS,24.6,91.9,45,997,60,40,0,0,0,0,0,0,0,0,0,0
46972,AL042011,                DON,20110729,600,  , TS,25.1,93.1,45,1000,60,40,0,0,0,0,0,0,0,0,0,0
46994,AL052011,              EMILY,20110806,0,  , WV,23.6,77.4,25,1012,0,0,0,0,0,0,0,0,0,0,0,0
46995,AL052011,              EMILY,20110806,600,  , WV,24.6,77.9,25,1012,0,0,0,0,0,0,0,0,0,0,0,0
46996,AL052011,              EMILY,20110806,1200,  , LO,25.6,78.1,25,1011,0,0,0,0,0,0,0,0,0,0,0,0
46997,AL052011,              EMILY,20110806,1800,  , TD,26.4,78.2,30,1011,0,0,0,0,0,0,0,0,0,0,0,0
46998,AL052011,              EMILY,20110807,0,  , TS,27.2,78.1,35,1010,60,45,0,0,0,0,0,0,0,0,0,0
46999,AL052011,              EMILY,20110807,600,  , TS,28.4,77.4,35,1009,60,45,0,0,0,0,0,0,0,0,0,0
47000,AL052011,              EMILY,20110807,1200,  , LO,29.7,76.4,30,1009,0,0,0,0,0,0,0,0,0,0,0,0
47001,AL052011,              EMILY,20110807,1800,  , LO,30.7,74.8,30,1009,0,0,0,0,0,0,0,0,0,0,0,0
47071,AL092011,              IRENE,20110824,1800,  , HU,22.7,74.3,100,954,200,180,100,150,100,70,50,80,50,45,25,40
47072,AL092011,              IRENE,20110825,0, L, HU,23.5,75.1,95,952,220,180,100,150,100,90,50,80,60,60,25,50
47073,AL092011,              IRENE,20110825,600,  , HU,24.1,75.9,95,950,220,180,100,150,100,80,50,70,60,60,25,50
47074,AL092011,              IRENE,20110825,900, L, HU,24.7,76.2,90,950,-999,-999,-999,-999,-999,-999,-999,-999,-999,-999,-999,-999
47075,AL092011,              IRENE,20110825,1200,  , HU,25.4,76.6,90,950,250,200,100,160,100,100,50,70,60,60,25,50
47076,AL092011,              IRENE,20110825,1800, L, HU,26.5,77.2,90,950,250,200,125,160,110,100,50,75,70,60,25,50
47077,AL092011,              IRENE,20110826,0,  , HU,27.7,77.3,90,946,250,200,125,160,110,100,50,75,70,60,25,50
47078,AL092011,              IRENE,20110826,600,  , HU,28.8,77.3,90,942,250,200,130,175,125,105,75,75,80,80,50,50
47079,AL092011,              IRENE,20110826,1200,  , HU,30.0,77.4,85,947,250,200,130,175,125,105,75,75,80,80,50,50
47080,AL092011,              IRENE,20110826,1800,  , HU,31.1,77.5,80,950,250,225,140,175,125,125,80,75,80,80,50,50
47182,AL132011,                LEE,20110902,0,  , TD,26.6,91.4,30,1007,0,0,0,0,0,0,0,0,0,0,0,0
47183,AL132011,                LEE,20110902,600,  , TD,26.9,91.4,30,1006,0,0,0,0,0,0,0,0,0,0,0,0
47184,AL132011,                LEE,20110902,1200,  , TS,27.2,91.4,35,1005,150,150,0,0,0,0,0,0,0,0,0,0
47185,AL132011,                LEE,20110902,1800,  , TS,27.5,91.4,40,1003,175,175,0,0,0,0,0,0,0,0,0,0
47186,AL132011,                LEE,20110903,0,  , TS,28.0,91.5,40,1001,175,175,0,90,0,0,0,0,0,0,0,0
47187,AL132011,                LEE,20110903,600,  , TS,28.5,91.8,45,997,175,175,0,90,0,0,0,0,0,0,0,0
47188,AL132011,                LEE,20110903,1200,  , SS,29.0,92.0,50,993,200,175,80,100,120,0,0,0,0,0,0,0
47189,AL132011,                LEE,20110903,1800,  , SS,29.2,92.2,45,989,200,175,120,100,0,0,0,0,0,0,0,0
47190,AL132011,                LEE,20110904,0,  , SS,29.4,92.5,40,988,225,200,130,75,0,0,0,0,0,0,0,0
47191,AL132011,                LEE,20110904,600,  , SS,29.5,92.5,40,986,225,225,130,60,0,0,0,0,0,0,0,0
47192,AL132011,                LEE,20110904,900, T, SS,29.5,92.2,40,986,225,225,130,60,0,0,0,0,0,0,0,0
47193,AL132011,                LEE,20110904,1030, L, SS,29.6,92.1,40,986,225,225,130,60,0,0,0,0,0,0,0,0
47194,AL132011,                LEE,20110904,1200,  , SS,29.7,92.0,35,986,200,250,130,45,0,0,0,0,0,0,0,0
47195,AL132011,                LEE,20110904,1800,  , SS,30.3,91.8,35,988,0,250,140,0,0,0,0,0,0,0,0,0
47196,AL132011,                LEE,20110905,0,  , SS,30.4,91.6,35,990,0,250,150,0,0,0,0,0,0,0,0,0
47197,AL132011,                LEE,20110905,600,  , EX,30.4,91.4,35,993,0,250,175,0,0,0,0,0,0,0,0,0
47198,AL132011,                LEE,20110905,1200,  , EX,30.6,90.1,40,995,0,250,250,0,0,0,0,0,0,0,0,0
47436,AL192011,               SEAN,20111109,0,  , TS,27.8,70.1,45,999,240,120,120,240,0,0,0,0,0,0,0,0
47437,AL192011,               SEAN,20111109,600,  , TS,27.8,70.2,50,996,250,120,120,250,60,0,0,0,0,0,0,0
47438,AL192011,               SEAN,20111109,1200,  , TS,27.9,70.4,55,994,250,120,120,250,60,0,0,0,0,0,0,0
47439,AL192011,               SEAN,20111109,1800,  , TS,28.3,70.6,55,991,250,120,120,200,60,60,0,40,0,0,0,0
47440,AL192011,               SEAN,20111110,0,  , TS,29.0,70.7,55,987,220,120,120,200,60,60,0,40,0,0,0,0
47441,AL192011,               SEAN,20111110,600,  , TS,29.7,70.9,55,984,220,120,90,120,45,45,0,0,0,0,0,0
47442,AL192011,               SEAN,20111110,1200,  , TS,30.2,70.7,55,982,220,120,90,120,45,45,0,0,0,0,0,0
